2025-09-30 11:33:41,424 - __main__ - WARNING - No se pudo cargar el icono de la aplicación
2025-09-30 11:33:41,425 - utils.config_manager - INFO - Configuración cargada correctamente
2025-09-30 11:34:08,114 - views.login_window - INFO - Usuario autenticado correctamente
2025-09-30 11:34:20,084 - utils.config_manager - INFO - Configuración guardada correctamente
2025-09-30 11:34:20,227 - views.main_view - INFO - Iniciando proceso de búsqueda...
2025-09-30 11:34:20,229 - views.main_view - INFO - Formato para el texto: LT
2025-09-30 11:34:20,230 - views.main_view - INFO - Lotes: 1 a 465
2025-09-30 11:34:20,232 - views.main_view - INFO - Tiempo de espera entre lotes: 1 segundos
2025-09-30 11:34:20,233 - views.main_view - INFO - Secuencia predefinida a ejecutar:
2025-09-30 11:34:20,234 - views.main_view - INFO -   1. img/b1.png (clics: 2, confianza: 0.68)
2025-09-30 11:34:20,235 - views.main_view - INFO -   2. img/b2.png (clics: 1, confianza: 0.68)
2025-09-30 11:34:20,236 - views.main_view - INFO -   3. img/b3.png (clics: 1, confianza: 0.68)
2025-09-30 11:34:20,237 - views.main_view - INFO -   4. img/b4.png (clics: 1, confianza: 0.68)
2025-09-30 11:34:20,240 - views.main_view - INFO -   5. img/b1.png (clics: 1, confianza: 0.68)
2025-09-30 11:34:20,244 - views.main_view - INFO -   6. img/b6.png (clics: 1, confianza: 0.68)
2025-09-30 11:34:20,246 - views.main_view - INFO -   7. img/b7.png (clics: 1, confianza: 0.68)
2025-09-30 11:34:20,248 - views.main_view - INFO -   8. img/b8.png (clics: 1, confianza: 0.68)
2025-09-30 11:34:20,250 - views.main_view - INFO - Procesando archivo: LT 1.kml
2025-09-30 11:34:20,270 - views.main_view - INFO - Usando formato: LT
2025-09-30 11:34:24,068 - views.main_view - INFO - Botón 'img/b1.png' encontrado en (444, 220) - Confianza: 1.00
2025-09-30 11:34:29,239 - views.main_view - INFO - Botón 'img/b2.png' encontrado en (1388, 595) - Confianza: 1.00
2025-09-30 11:34:34,467 - views.main_view - INFO - Botón 'img/b3.png' encontrado en (1412, 634) - Confianza: 0.89
2025-09-30 11:34:39,605 - views.main_view - INFO - Botón 'img/b4.png' encontrado en (1115, 654) - Confianza: 1.00
2025-09-30 11:34:42,974 - controllers.image_search_controller - INFO - Ventana encontrada con confianza: 1.00
2025-09-30 11:34:42,976 - controllers.image_search_controller - INFO - Coordenadas ventana: x=1040, y=330
2025-09-30 11:34:42,977 - controllers.image_search_controller - INFO - Coordenadas campo texto: x=1334, y=830
2025-09-30 11:34:45,042 - utils.ahk_manager - INFO - AutoHotkey iniciado correctamente
2025-09-30 11:34:45,046 - utils.ahk_manager - INFO - Comando enviado a AHK: 1334,830,LT 1.kml
2025-09-30 11:35:00,075 - views.main_view - INFO - Botón 'img/b1.png' encontrado en (444, 220) - Confianza: 0.88
2025-09-30 11:35:05,151 - views.main_view - INFO - Botón 'img/b6.png' encontrado en (1397, 665) - Confianza: 1.00
2025-09-30 11:35:10,184 - views.main_view - INFO - Botón 'img/b7.png' encontrado en (1251, 186) - Confianza: 1.00
2025-09-30 11:35:15,260 - views.main_view - INFO - Botón 'img/b8.png' encontrado en (1261, 404) - Confianza: 0.83
2025-09-30 11:35:15,266 - views.main_view - INFO - Presionando Enter 3 veces
2025-09-30 11:35:17,883 - views.main_view - INFO - Secuencia completada para lote 1 de 465
2025-09-30 11:35:17,886 - views.main_view - INFO - Esperando 1 segundos antes del próximo lote...
2025-09-30 11:35:17,889 - views.main_view - INFO - Tiempo restante: 1 segundos
2025-09-30 11:35:18,903 - utils.config_manager - INFO - Configuración guardada correctamente
2025-09-30 11:35:18,908 - views.main_view - INFO - Procesando lote 2 de 465
2025-09-30 11:35:18,912 - views.main_view - INFO - Procesando archivo: LT 2.kml
2025-09-30 11:35:18,919 - views.main_view - INFO - Usando formato: LT
2025-09-30 11:35:21,986 - views.main_view - INFO - Botón 'img/b1.png' encontrado en (444, 220) - Confianza: 1.00
2025-09-30 11:35:27,010 - views.main_view - INFO - Botón 'img/b2.png' encontrado en (1388, 595) - Confianza: 1.00
2025-09-30 11:35:32,024 - views.main_view - INFO - Botón 'img/b3.png' encontrado en (1412, 634) - Confianza: 0.89
2025-09-30 11:35:35,856 - views.main_view - INFO - Botón 'img/b4.png' no encontrado. Mejor coincidencia: 0.48 (Intento 2)
2025-09-30 11:35:38,933 - views.main_view - INFO - Botón 'img/b4.png' encontrado en (1115, 654) - Confianza: 1.00
2025-09-30 11:35:42,265 - controllers.image_search_controller - INFO - Ventana encontrada con confianza: 1.00
2025-09-30 11:35:42,267 - controllers.image_search_controller - INFO - Coordenadas ventana: x=1040, y=330
2025-09-30 11:35:42,267 - controllers.image_search_controller - INFO - Coordenadas campo texto: x=1334, y=830
2025-09-30 11:35:42,269 - utils.ahk_manager - INFO - Comando enviado a AHK: 1334,830,LT 2.kml
2025-09-30 11:35:57,296 - views.main_view - INFO - Botón 'img/b1.png' encontrado en (444, 220) - Confianza: 0.88
2025-09-30 11:36:02,288 - views.main_view - INFO - Botón 'img/b6.png' encontrado en (1397, 665) - Confianza: 1.00
2025-09-30 11:36:07,330 - views.main_view - INFO - Botón 'img/b7.png' encontrado en (1251, 186) - Confianza: 1.00
2025-09-30 11:36:12,384 - views.main_view - INFO - Botón 'img/b8.png' encontrado en (1261, 404) - Confianza: 0.83
2025-09-30 11:36:12,395 - views.main_view - INFO - Presionando Enter 3 veces
2025-09-30 11:36:15,009 - views.main_view - INFO - Secuencia completada para lote 2 de 465
2025-09-30 11:36:15,011 - views.main_view - INFO - Esperando 1 segundos antes del próximo lote...
2025-09-30 11:36:15,014 - views.main_view - INFO - Tiempo restante: 1 segundos
2025-09-30 11:36:16,018 - utils.config_manager - INFO - Configuración guardada correctamente
2025-09-30 11:36:16,022 - views.main_view - INFO - Procesando lote 3 de 465
2025-09-30 11:36:16,025 - views.main_view - INFO - Procesando archivo: LT 3.kml
2025-09-30 11:36:16,028 - views.main_view - INFO - Usando formato: LT
2025-09-30 11:36:19,052 - views.main_view - INFO - Botón 'img/b1.png' encontrado en (444, 220) - Confianza: 1.00
2025-09-30 11:36:24,069 - views.main_view - INFO - Botón 'img/b2.png' encontrado en (1388, 595) - Confianza: 1.00
2025-09-30 11:36:29,140 - views.main_view - INFO - Botón 'img/b3.png' encontrado en (1412, 634) - Confianza: 0.89
2025-09-30 11:36:32,969 - views.main_view - INFO - Botón 'img/b4.png' no encontrado. Mejor coincidencia: 0.48 (Intento 2)
2025-09-30 11:36:36,012 - views.main_view - INFO - Botón 'img/b4.png' encontrado en (1115, 654) - Confianza: 1.00
2025-09-30 11:36:39,310 - controllers.image_search_controller - INFO - Ventana encontrada con confianza: 1.00
2025-09-30 11:36:39,312 - controllers.image_search_controller - INFO - Coordenadas ventana: x=1040, y=330
2025-09-30 11:36:39,313 - controllers.image_search_controller - INFO - Coordenadas campo texto: x=1334, y=830
2025-09-30 11:36:39,315 - utils.ahk_manager - INFO - Comando enviado a AHK: 1334,830,LT 3.kml
2025-09-30 11:36:54,309 - views.main_view - INFO - Botón 'img/b1.png' encontrado en (444, 220) - Confianza: 1.00
2025-09-30 11:36:59,339 - views.main_view - INFO - Botón 'img/b6.png' encontrado en (1397, 665) - Confianza: 1.00
2025-09-30 11:37:04,402 - views.main_view - INFO - Botón 'img/b7.png' encontrado en (1251, 186) - Confianza: 1.00
2025-09-30 11:37:09,448 - views.main_view - INFO - Botón 'img/b8.png' encontrado en (1261, 404) - Confianza: 0.83
2025-09-30 11:37:09,453 - views.main_view - INFO - Presionando Enter 3 veces
2025-09-30 11:37:12,071 - views.main_view - INFO - Secuencia completada para lote 3 de 465
2025-09-30 11:37:12,073 - views.main_view - INFO - Esperando 1 segundos antes del próximo lote...
2025-09-30 11:37:12,076 - views.main_view - INFO - Tiempo restante: 1 segundos
2025-09-30 11:37:13,080 - utils.config_manager - INFO - Configuración guardada correctamente
2025-09-30 11:37:13,083 - views.main_view - INFO - Procesando lote 4 de 465
2025-09-30 11:37:13,088 - views.main_view - INFO - Procesando archivo: LT 4.kml
2025-09-30 11:37:13,093 - views.main_view - INFO - Usando formato: LT
2025-09-30 11:37:16,101 - views.main_view - INFO - Botón 'img/b1.png' encontrado en (444, 220) - Confianza: 1.00
2025-09-30 11:37:21,151 - views.main_view - INFO - Botón 'img/b2.png' encontrado en (1388, 595) - Confianza: 1.00
2025-09-30 11:37:26,183 - views.main_view - INFO - Botón 'img/b3.png' encontrado en (1412, 634) - Confianza: 0.89
2025-09-30 11:37:30,032 - views.main_view - INFO - Botón 'img/b4.png' no encontrado. Mejor coincidencia: 0.48 (Intento 2)
2025-09-30 11:37:31,888 - views.main_view - INFO - Botón 'img/b4.png' no encontrado. Mejor coincidencia: 0.48 (Intento 3)
2025-09-30 11:37:34,952 - views.main_view - INFO - Botón 'img/b4.png' encontrado en (1115, 654) - Confianza: 1.00
2025-09-30 11:37:38,244 - controllers.image_search_controller - INFO - Ventana encontrada con confianza: 1.00
2025-09-30 11:37:38,246 - controllers.image_search_controller - INFO - Coordenadas ventana: x=1040, y=330
2025-09-30 11:37:38,246 - controllers.image_search_controller - INFO - Coordenadas campo texto: x=1334, y=830
2025-09-30 11:37:38,248 - utils.ahk_manager - INFO - Comando enviado a AHK: 1334,830,LT 4.kml
2025-09-30 11:37:53,268 - views.main_view - INFO - Botón 'img/b1.png' encontrado en (444, 220) - Confianza: 0.88
2025-09-30 11:37:58,319 - views.main_view - INFO - Botón 'img/b6.png' encontrado en (1397, 665) - Confianza: 1.00
2025-09-30 11:38:03,337 - views.main_view - INFO - Botón 'img/b7.png' encontrado en (1251, 186) - Confianza: 1.00
2025-09-30 11:38:08,317 - views.main_view - INFO - Botón 'img/b8.png' encontrado en (1261, 404) - Confianza: 0.83
2025-09-30 11:38:08,322 - views.main_view - INFO - Presionando Enter 3 veces
2025-09-30 11:38:10,945 - views.main_view - INFO - Secuencia completada para lote 4 de 465
2025-09-30 11:38:10,948 - views.main_view - INFO - Esperando 1 segundos antes del próximo lote...
2025-09-30 11:38:10,950 - views.main_view - INFO - Tiempo restante: 1 segundos
2025-09-30 11:38:11,958 - utils.config_manager - INFO - Configuración guardada correctamente
2025-09-30 11:38:11,964 - views.main_view - INFO - Procesando lote 5 de 465
2025-09-30 11:38:11,970 - views.main_view - INFO - Procesando archivo: LT 5.kml
2025-09-30 11:38:11,977 - views.main_view - INFO - Usando formato: LT
2025-09-30 11:38:15,001 - views.main_view - INFO - Botón 'img/b1.png' encontrado en (444, 220) - Confianza: 1.00
2025-09-30 11:38:20,043 - views.main_view - INFO - Botón 'img/b2.png' encontrado en (1388, 595) - Confianza: 1.00
2025-09-30 11:38:25,138 - views.main_view - INFO - Botón 'img/b3.png' encontrado en (1412, 634) - Confianza: 0.89
2025-09-30 11:38:29,012 - views.main_view - INFO - Botón 'img/b4.png' no encontrado. Mejor coincidencia: 0.48 (Intento 2)
2025-09-30 11:38:30,841 - views.main_view - INFO - Botón 'img/b4.png' no encontrado. Mejor coincidencia: 0.48 (Intento 3)
2025-09-30 11:38:33,893 - views.main_view - INFO - Botón 'img/b4.png' encontrado en (1115, 654) - Confianza: 1.00
2025-09-30 11:38:37,240 - controllers.image_search_controller - INFO - Ventana encontrada con confianza: 1.00
2025-09-30 11:38:37,242 - controllers.image_search_controller - INFO - Coordenadas ventana: x=1040, y=330
2025-09-30 11:38:37,243 - controllers.image_search_controller - INFO - Coordenadas campo texto: x=1334, y=830
2025-09-30 11:38:37,244 - utils.ahk_manager - INFO - Comando enviado a AHK: 1334,830,LT 5.kml
2025-09-30 11:38:52,283 - views.main_view - INFO - Botón 'img/b1.png' encontrado en (444, 220) - Confianza: 0.88
2025-09-30 11:38:57,298 - views.main_view - INFO - Botón 'img/b6.png' encontrado en (1397, 665) - Confianza: 1.00
2025-09-30 11:39:02,317 - views.main_view - INFO - Botón 'img/b7.png' encontrado en (1251, 186) - Confianza: 1.00
2025-09-30 11:39:06,101 - views.main_view - INFO - Botón 'img/b8.png' no encontrado. Mejor coincidencia: 0.60 (Intento 2)
2025-09-30 11:39:09,083 - views.main_view - INFO - Botón 'img/b8.png' encontrado en (1261, 404) - Confianza: 0.83
2025-09-30 11:39:09,102 - views.main_view - INFO - Presionando Enter 3 veces
2025-09-30 11:39:11,739 - views.main_view - INFO - Secuencia completada para lote 5 de 465
2025-09-30 11:39:11,748 - views.main_view - INFO - Esperando 1 segundos antes del próximo lote...
2025-09-30 11:39:11,759 - views.main_view - INFO - Tiempo restante: 1 segundos
2025-09-30 11:39:12,769 - utils.config_manager - INFO - Configuración guardada correctamente
2025-09-30 11:39:12,780 - views.main_view - INFO - Procesando lote 6 de 465
2025-09-30 11:39:12,788 - views.main_view - INFO - Procesando archivo: LT 6.kml
2025-09-30 11:39:12,797 - views.main_view - INFO - Usando formato: LT
2025-09-30 11:39:15,789 - views.main_view - INFO - Botón 'img/b1.png' encontrado en (444, 220) - Confianza: 1.00
2025-09-30 11:39:20,797 - views.main_view - INFO - Botón 'img/b2.png' encontrado en (1388, 595) - Confianza: 1.00
2025-09-30 11:39:25,823 - views.main_view - INFO - Botón 'img/b3.png' encontrado en (1412, 634) - Confianza: 0.89
2025-09-30 11:39:30,894 - views.main_view - INFO - Botón 'img/b4.png' encontrado en (1115, 654) - Confianza: 1.00
2025-09-30 11:39:34,199 - controllers.image_search_controller - INFO - Ventana encontrada con confianza: 1.00
2025-09-30 11:39:34,201 - controllers.image_search_controller - INFO - Coordenadas ventana: x=1040, y=330
2025-09-30 11:39:34,201 - controllers.image_search_controller - INFO - Coordenadas campo texto: x=1334, y=830
2025-09-30 11:39:34,203 - utils.ahk_manager - INFO - Comando enviado a AHK: 1334,830,LT 6.kml
2025-09-30 11:39:49,225 - views.main_view - INFO - Botón 'img/b1.png' encontrado en (444, 220) - Confianza: 1.00
2025-09-30 11:39:54,245 - views.main_view - INFO - Botón 'img/b6.png' encontrado en (1397, 665) - Confianza: 1.00
2025-09-30 11:39:59,241 - views.main_view - INFO - Botón 'img/b7.png' encontrado en (1251, 186) - Confianza: 1.00
2025-09-30 11:40:04,255 - views.main_view - INFO - Botón 'img/b8.png' encontrado en (1261, 404) - Confianza: 0.83
2025-09-30 11:40:04,270 - views.main_view - INFO - Presionando Enter 3 veces
2025-09-30 11:40:06,885 - views.main_view - INFO - Secuencia completada para lote 6 de 465
2025-09-30 11:40:06,888 - views.main_view - INFO - Esperando 1 segundos antes del próximo lote...
2025-09-30 11:40:06,892 - views.main_view - INFO - Tiempo restante: 1 segundos
2025-09-30 11:40:07,903 - utils.config_manager - INFO - Configuración guardada correctamente
2025-09-30 11:40:07,912 - views.main_view - INFO - Procesando lote 7 de 465
2025-09-30 11:40:07,921 - views.main_view - INFO - Procesando archivo: LT 7.kml
2025-09-30 11:40:07,931 - views.main_view - INFO - Usando formato: LT
2025-09-30 11:40:10,928 - views.main_view - INFO - Botón 'img/b1.png' encontrado en (444, 220) - Confianza: 1.00
2025-09-30 11:40:15,913 - views.main_view - INFO - Botón 'img/b2.png' encontrado en (1388, 595) - Confianza: 1.00
2025-09-30 11:40:20,962 - views.main_view - INFO - Botón 'img/b3.png' encontrado en (1412, 634) - Confianza: 0.89
2025-09-30 11:40:24,841 - views.main_view - INFO - Botón 'img/b4.png' no encontrado. Mejor coincidencia: 0.48 (Intento 2)
2025-09-30 11:40:27,876 - views.main_view - INFO - Botón 'img/b4.png' encontrado en (1115, 654) - Confianza: 1.00
2025-09-30 11:40:31,156 - controllers.image_search_controller - INFO - Ventana encontrada con confianza: 1.00
2025-09-30 11:40:31,157 - controllers.image_search_controller - INFO - Coordenadas ventana: x=1040, y=330
2025-09-30 11:40:31,158 - controllers.image_search_controller - INFO - Coordenadas campo texto: x=1334, y=830
2025-09-30 11:40:31,159 - utils.ahk_manager - INFO - Comando enviado a AHK: 1334,830,LT 7.kml
2025-09-30 11:40:46,162 - views.main_view - INFO - Botón 'img/b1.png' encontrado en (444, 220) - Confianza: 0.88
2025-09-30 11:40:51,172 - views.main_view - INFO - Botón 'img/b6.png' encontrado en (1397, 665) - Confianza: 1.00
2025-09-30 11:40:56,182 - views.main_view - INFO - Botón 'img/b7.png' encontrado en (1251, 186) - Confianza: 1.00
2025-09-30 11:40:59,995 - views.main_view - INFO - Botón 'img/b8.png' no encontrado. Mejor coincidencia: 0.60 (Intento 2)
2025-09-30 11:41:01,805 - views.main_view - INFO - Botón 'img/b8.png' no encontrado. Mejor coincidencia: 0.60 (Intento 3)
2025-09-30 11:41:03,597 - views.main_view - INFO - Botón 'img/b8.png' no encontrado. Mejor coincidencia: 0.60 (Intento 4)
2025-09-30 11:41:06,617 - views.main_view - INFO - Botón 'img/b8.png' encontrado en (1261, 404) - Confianza: 0.83
2025-09-30 11:41:06,632 - views.main_view - INFO - Presionando Enter 3 veces
2025-09-30 11:41:09,254 - views.main_view - INFO - Secuencia completada para lote 7 de 465
2025-09-30 11:41:09,263 - views.main_view - INFO - Esperando 1 segundos antes del próximo lote...
2025-09-30 11:41:09,273 - views.main_view - INFO - Tiempo restante: 1 segundos
2025-09-30 11:41:10,283 - utils.config_manager - INFO - Configuración guardada correctamente
2025-09-30 11:41:10,293 - views.main_view - INFO - Procesando lote 8 de 465
2025-09-30 11:41:10,301 - views.main_view - INFO - Procesando archivo: LT 8.kml
2025-09-30 11:41:10,311 - views.main_view - INFO - Usando formato: LT
2025-09-30 11:41:13,310 - views.main_view - INFO - Botón 'img/b1.png' encontrado en (444, 220) - Confianza: 1.00
2025-09-30 11:41:18,310 - views.main_view - INFO - Botón 'img/b2.png' encontrado en (1388, 595) - Confianza: 1.00
2025-09-30 11:41:23,339 - views.main_view - INFO - Botón 'img/b3.png' encontrado en (1412, 634) - Confianza: 0.89
2025-09-30 11:41:27,171 - views.main_view - INFO - Botón 'img/b4.png' no encontrado. Mejor coincidencia: 0.48 (Intento 2)
2025-09-30 11:41:28,997 - views.main_view - INFO - Botón 'img/b4.png' no encontrado. Mejor coincidencia: 0.48 (Intento 3)
2025-09-30 11:41:30,823 - views.main_view - INFO - Botón 'img/b4.png' no encontrado. Mejor coincidencia: 0.48 (Intento 4)
2025-09-30 11:41:33,879 - views.main_view - INFO - Botón 'img/b4.png' encontrado en (1115, 654) - Confianza: 1.00
2025-09-30 11:41:37,168 - controllers.image_search_controller - INFO - Ventana encontrada con confianza: 1.00
2025-09-30 11:41:37,170 - controllers.image_search_controller - INFO - Coordenadas ventana: x=1040, y=330
2025-09-30 11:41:37,170 - controllers.image_search_controller - INFO - Coordenadas campo texto: x=1334, y=830
2025-09-30 11:41:37,172 - utils.ahk_manager - INFO - Comando enviado a AHK: 1334,830,LT 8.kml
2025-09-30 11:41:52,191 - views.main_view - INFO - Botón 'img/b1.png' encontrado en (444, 220) - Confianza: 1.00
2025-09-30 11:41:57,215 - views.main_view - INFO - Botón 'img/b6.png' encontrado en (1397, 665) - Confianza: 1.00
2025-09-30 11:42:02,209 - views.main_view - INFO - Botón 'img/b7.png' encontrado en (1251, 186) - Confianza: 1.00
2025-09-30 11:42:07,212 - views.main_view - INFO - Botón 'img/b8.png' encontrado en (1261, 404) - Confianza: 0.83
2025-09-30 11:42:07,224 - views.main_view - INFO - Presionando Enter 3 veces
2025-09-30 11:42:09,848 - views.main_view - INFO - Secuencia completada para lote 8 de 465
2025-09-30 11:42:09,858 - views.main_view - INFO - Esperando 1 segundos antes del próximo lote...
2025-09-30 11:42:09,866 - views.main_view - INFO - Tiempo restante: 1 segundos
2025-09-30 11:42:10,875 - utils.config_manager - INFO - Configuración guardada correctamente
2025-09-30 11:42:10,884 - views.main_view - INFO - Procesando lote 9 de 465
2025-09-30 11:42:10,893 - views.main_view - INFO - Procesando archivo: LT 9.kml
2025-09-30 11:42:10,903 - views.main_view - INFO - Usando formato: LT
2025-09-30 11:42:13,929 - views.main_view - INFO - Botón 'img/b1.png' encontrado en (444, 220) - Confianza: 1.00
2025-09-30 11:42:18,917 - views.main_view - INFO - Botón 'img/b2.png' encontrado en (1388, 595) - Confianza: 1.00
2025-09-30 11:42:23,934 - views.main_view - INFO - Botón 'img/b3.png' encontrado en (1412, 634) - Confianza: 0.89
2025-09-30 11:42:28,991 - views.main_view - INFO - Botón 'img/b4.png' encontrado en (1115, 654) - Confianza: 1.00
2025-09-30 11:42:32,260 - controllers.image_search_controller - INFO - Ventana encontrada con confianza: 1.00
2025-09-30 11:42:32,261 - controllers.image_search_controller - INFO - Coordenadas ventana: x=1040, y=330
2025-09-30 11:42:32,262 - controllers.image_search_controller - INFO - Coordenadas campo texto: x=1334, y=830
2025-09-30 11:42:32,264 - utils.ahk_manager - INFO - Comando enviado a AHK: 1334,830,LT 9.kml
2025-09-30 11:42:47,284 - views.main_view - INFO - Botón 'img/b1.png' encontrado en (444, 220) - Confianza: 1.00
2025-09-30 11:42:52,289 - views.main_view - INFO - Botón 'img/b6.png' encontrado en (1397, 665) - Confianza: 1.00
2025-09-30 11:42:57,295 - views.main_view - INFO - Botón 'img/b7.png' encontrado en (1251, 186) - Confianza: 1.00
2025-09-30 11:43:02,312 - views.main_view - INFO - Botón 'img/b8.png' encontrado en (1261, 404) - Confianza: 0.83
2025-09-30 11:43:02,321 - views.main_view - INFO - Presionando Enter 3 veces
2025-09-30 11:43:04,944 - views.main_view - INFO - Secuencia completada para lote 9 de 465
2025-09-30 11:43:04,951 - views.main_view - INFO - Esperando 1 segundos antes del próximo lote...
2025-09-30 11:43:04,961 - views.main_view - INFO - Tiempo restante: 1 segundos
2025-09-30 11:43:05,967 - utils.config_manager - INFO - Configuración guardada correctamente
2025-09-30 11:43:05,970 - views.main_view - INFO - Procesando lote 10 de 465
2025-09-30 11:43:05,973 - views.main_view - INFO - Procesando archivo: LT 10.kml
2025-09-30 11:43:05,977 - views.main_view - INFO - Usando formato: LT
2025-09-30 11:43:08,974 - views.main_view - INFO - Botón 'img/b1.png' encontrado en (444, 220) - Confianza: 1.00
2025-09-30 11:43:13,980 - views.main_view - INFO - Botón 'img/b2.png' encontrado en (1388, 595) - Confianza: 1.00
2025-09-30 11:43:19,002 - views.main_view - INFO - Botón 'img/b3.png' encontrado en (1412, 634) - Confianza: 0.89
2025-09-30 11:43:22,822 - views.main_view - INFO - Botón 'img/b4.png' no encontrado. Mejor coincidencia: 0.48 (Intento 2)
2025-09-30 11:43:25,870 - views.main_view - INFO - Botón 'img/b4.png' encontrado en (1115, 654) - Confianza: 1.00
2025-09-30 11:43:29,178 - controllers.image_search_controller - INFO - Ventana encontrada con confianza: 1.00
2025-09-30 11:43:29,180 - controllers.image_search_controller - INFO - Coordenadas ventana: x=1040, y=330
2025-09-30 11:43:29,180 - controllers.image_search_controller - INFO - Coordenadas campo texto: x=1334, y=830
2025-09-30 11:43:29,182 - utils.ahk_manager - INFO - Comando enviado a AHK: 1334,830,LT 10.kml
2025-09-30 11:43:44,178 - views.main_view - INFO - Botón 'img/b1.png' encontrado en (444, 220) - Confianza: 0.88
2025-09-30 11:43:49,177 - views.main_view - INFO - Botón 'img/b6.png' encontrado en (1397, 665) - Confianza: 1.00
2025-09-30 11:43:54,189 - views.main_view - INFO - Botón 'img/b7.png' encontrado en (1251, 186) - Confianza: 1.00
2025-09-30 11:43:59,183 - views.main_view - INFO - Botón 'img/b8.png' encontrado en (1261, 404) - Confianza: 0.83
2025-09-30 11:43:59,191 - views.main_view - INFO - Presionando Enter 3 veces
2025-09-30 11:44:01,821 - views.main_view - INFO - Presionando 'S' para guardar cambios
2025-09-30 11:44:02,935 - views.main_view - INFO - Secuencia completada para lote 10 de 465
2025-09-30 11:44:02,944 - views.main_view - INFO - Esperando 1 segundos antes del próximo lote...
2025-09-30 11:44:02,953 - views.main_view - INFO - Tiempo restante: 1 segundos
2025-09-30 11:44:03,964 - utils.config_manager - INFO - Configuración guardada correctamente
2025-09-30 11:44:03,970 - views.main_view - INFO - Procesando lote 11 de 465
2025-09-30 11:44:03,979 - views.main_view - INFO - Procesando archivo: LT 11.kml
2025-09-30 11:44:03,983 - views.main_view - INFO - Usando formato: LT
2025-09-30 11:44:06,992 - views.main_view - INFO - Botón 'img/b1.png' encontrado en (444, 220) - Confianza: 1.00
2025-09-30 11:44:11,998 - views.main_view - INFO - Botón 'img/b2.png' encontrado en (1388, 595) - Confianza: 1.00
2025-09-30 11:44:15,794 - views.main_view - INFO - Botón 'img/b3.png' no encontrado. Mejor coincidencia: 0.59 (Intento 2)
2025-09-30 11:44:17,606 - views.main_view - INFO - Botón 'img/b3.png' no encontrado. Mejor coincidencia: 0.59 (Intento 3)
2025-09-30 11:44:20,593 - views.main_view - INFO - Botón 'img/b3.png' encontrado en (1412, 634) - Confianza: 0.89
2025-09-30 11:44:24,442 - views.main_view - INFO - Botón 'img/b4.png' no encontrado. Mejor coincidencia: 0.48 (Intento 2)
2025-09-30 11:44:26,313 - views.main_view - INFO - Botón 'img/b4.png' no encontrado. Mejor coincidencia: 0.48 (Intento 3)
2025-09-30 11:44:29,345 - views.main_view - INFO - Botón 'img/b4.png' encontrado en (1115, 654) - Confianza: 1.00
2025-09-30 11:44:32,613 - controllers.image_search_controller - INFO - Ventana encontrada con confianza: 1.00
2025-09-30 11:44:32,616 - controllers.image_search_controller - INFO - Coordenadas ventana: x=1040, y=330
2025-09-30 11:44:32,616 - controllers.image_search_controller - INFO - Coordenadas campo texto: x=1334, y=830
2025-09-30 11:44:32,618 - utils.ahk_manager - INFO - Comando enviado a AHK: 1334,830,LT 11.kml
2025-09-30 11:44:47,609 - views.main_view - INFO - Botón 'img/b1.png' encontrado en (444, 220) - Confianza: 1.00
2025-09-30 11:44:52,585 - views.main_view - INFO - Botón 'img/b6.png' encontrado en (1397, 665) - Confianza: 1.00
2025-09-30 11:44:57,585 - views.main_view - INFO - Botón 'img/b7.png' encontrado en (1251, 186) - Confianza: 1.00
2025-09-30 11:45:01,381 - views.main_view - INFO - Botón 'img/b8.png' no encontrado. Mejor coincidencia: 0.60 (Intento 2)
2025-09-30 11:45:04,423 - views.main_view - INFO - Botón 'img/b8.png' encontrado en (1261, 404) - Confianza: 0.83
2025-09-30 11:45:04,432 - views.main_view - INFO - Presionando Enter 3 veces
2025-09-30 11:45:07,053 - views.main_view - INFO - Secuencia completada para lote 11 de 465
2025-09-30 11:45:07,060 - views.main_view - INFO - Esperando 1 segundos antes del próximo lote...
2025-09-30 11:45:07,070 - views.main_view - INFO - Tiempo restante: 1 segundos
2025-09-30 11:45:08,081 - utils.config_manager - INFO - Configuración guardada correctamente
2025-09-30 11:45:08,090 - views.main_view - INFO - Procesando lote 12 de 465
2025-09-30 11:45:08,098 - views.main_view - INFO - Procesando archivo: LT 12.kml
2025-09-30 11:45:08,104 - views.main_view - INFO - Usando formato: LT
2025-09-30 11:45:11,097 - views.main_view - INFO - Botón 'img/b1.png' encontrado en (444, 220) - Confianza: 1.00
2025-09-30 11:45:16,109 - views.main_view - INFO - Botón 'img/b2.png' encontrado en (1388, 595) - Confianza: 1.00
2025-09-30 11:45:21,121 - views.main_view - INFO - Botón 'img/b3.png' encontrado en (1412, 634) - Confianza: 0.89
2025-09-30 11:45:24,952 - views.main_view - INFO - Botón 'img/b4.png' no encontrado. Mejor coincidencia: 0.48 (Intento 2)
2025-09-30 11:45:26,846 - views.main_view - INFO - Botón 'img/b4.png' no encontrado. Mejor coincidencia: 0.48 (Intento 3)
2025-09-30 11:45:29,867 - views.main_view - INFO - Botón 'img/b4.png' encontrado en (1115, 654) - Confianza: 1.00
2025-09-30 11:45:33,158 - controllers.image_search_controller - INFO - Ventana encontrada con confianza: 1.00
2025-09-30 11:45:33,160 - controllers.image_search_controller - INFO - Coordenadas ventana: x=1040, y=330
2025-09-30 11:45:33,160 - controllers.image_search_controller - INFO - Coordenadas campo texto: x=1334, y=830
2025-09-30 11:45:33,162 - utils.ahk_manager - INFO - Comando enviado a AHK: 1334,830,LT 12.kml
2025-09-30 11:45:48,175 - views.main_view - INFO - Botón 'img/b1.png' encontrado en (444, 220) - Confianza: 1.00
2025-09-30 11:45:53,193 - views.main_view - INFO - Botón 'img/b6.png' encontrado en (1397, 665) - Confianza: 1.00
2025-09-30 11:45:58,199 - views.main_view - INFO - Botón 'img/b7.png' encontrado en (1251, 186) - Confianza: 1.00
2025-09-30 11:46:03,207 - views.main_view - INFO - Botón 'img/b8.png' encontrado en (1261, 404) - Confianza: 0.83
2025-09-30 11:46:03,216 - views.main_view - INFO - Presionando Enter 3 veces
2025-09-30 11:46:05,832 - views.main_view - INFO - Secuencia completada para lote 12 de 465
2025-09-30 11:46:05,836 - views.main_view - INFO - Esperando 1 segundos antes del próximo lote...
2025-09-30 11:46:05,840 - views.main_view - INFO - Tiempo restante: 1 segundos
2025-09-30 11:46:06,844 - utils.config_manager - INFO - Configuración guardada correctamente
2025-09-30 11:46:06,847 - views.main_view - INFO - Procesando lote 13 de 465
2025-09-30 11:46:06,849 - views.main_view - INFO - Procesando archivo: LT 13.kml
2025-09-30 11:46:06,851 - views.main_view - INFO - Usando formato: LT
2025-09-30 11:46:09,854 - views.main_view - INFO - Botón 'img/b1.png' encontrado en (444, 220) - Confianza: 1.00
2025-09-30 11:46:14,866 - views.main_view - INFO - Botón 'img/b2.png' encontrado en (1388, 595) - Confianza: 1.00
2025-09-30 11:46:19,883 - views.main_view - INFO - Botón 'img/b3.png' encontrado en (1412, 634) - Confianza: 0.89
2025-09-30 11:46:24,916 - views.main_view - INFO - Botón 'img/b4.png' encontrado en (1115, 654) - Confianza: 1.00
2025-09-30 11:46:28,200 - controllers.image_search_controller - INFO - Ventana encontrada con confianza: 1.00
2025-09-30 11:46:28,202 - controllers.image_search_controller - INFO - Coordenadas ventana: x=1040, y=330
2025-09-30 11:46:28,202 - controllers.image_search_controller - INFO - Coordenadas campo texto: x=1334, y=830
2025-09-30 11:46:28,204 - utils.ahk_manager - INFO - Comando enviado a AHK: 1334,830,LT 13.kml
2025-09-30 11:46:43,217 - views.main_view - INFO - Botón 'img/b1.png' encontrado en (444, 220) - Confianza: 1.00
2025-09-30 11:46:48,242 - views.main_view - INFO - Botón 'img/b6.png' encontrado en (1397, 665) - Confianza: 1.00
2025-09-30 11:46:53,265 - views.main_view - INFO - Botón 'img/b7.png' encontrado en (1251, 186) - Confianza: 1.00
2025-09-30 11:46:58,287 - views.main_view - INFO - Botón 'img/b8.png' encontrado en (1261, 404) - Confianza: 0.83
2025-09-30 11:46:58,295 - views.main_view - INFO - Presionando Enter 3 veces
2025-09-30 11:47:00,939 - views.main_view - INFO - Secuencia completada para lote 13 de 465
2025-09-30 11:47:00,948 - views.main_view - INFO - Esperando 1 segundos antes del próximo lote...
2025-09-30 11:47:00,956 - views.main_view - INFO - Tiempo restante: 1 segundos
2025-09-30 11:47:01,965 - utils.config_manager - INFO - Configuración guardada correctamente
2025-09-30 11:47:01,975 - views.main_view - INFO - Procesando lote 14 de 465
2025-09-30 11:47:01,983 - views.main_view - INFO - Procesando archivo: LT 14.kml
2025-09-30 11:47:01,993 - views.main_view - INFO - Usando formato: LT
2025-09-30 11:47:05,009 - views.main_view - INFO - Botón 'img/b1.png' encontrado en (444, 220) - Confianza: 1.00
2025-09-30 11:47:10,020 - views.main_view - INFO - Botón 'img/b2.png' encontrado en (1388, 595) - Confianza: 1.00
2025-09-30 11:47:15,027 - views.main_view - INFO - Botón 'img/b3.png' encontrado en (1412, 634) - Confianza: 0.89
2025-09-30 11:47:20,066 - views.main_view - INFO - Botón 'img/b4.png' encontrado en (1115, 654) - Confianza: 1.00
2025-09-30 11:47:23,364 - controllers.image_search_controller - INFO - Ventana encontrada con confianza: 1.00
2025-09-30 11:47:23,365 - controllers.image_search_controller - INFO - Coordenadas ventana: x=1040, y=330
2025-09-30 11:47:23,365 - controllers.image_search_controller - INFO - Coordenadas campo texto: x=1334, y=830
2025-09-30 11:47:23,368 - utils.ahk_manager - INFO - Comando enviado a AHK: 1334,830,LT 14.kml
2025-09-30 11:47:38,397 - views.main_view - INFO - Botón 'img/b1.png' encontrado en (444, 220) - Confianza: 1.00
2025-09-30 11:47:43,434 - views.main_view - INFO - Botón 'img/b6.png' encontrado en (1397, 665) - Confianza: 1.00
2025-09-30 11:47:48,447 - views.main_view - INFO - Botón 'img/b7.png' encontrado en (1251, 186) - Confianza: 1.00
2025-09-30 11:47:53,447 - views.main_view - INFO - Botón 'img/b8.png' encontrado en (1261, 404) - Confianza: 0.83
2025-09-30 11:47:53,456 - views.main_view - INFO - Presionando Enter 3 veces
2025-09-30 11:47:56,071 - views.main_view - INFO - Secuencia completada para lote 14 de 465
2025-09-30 11:47:56,075 - views.main_view - INFO - Esperando 1 segundos antes del próximo lote...
2025-09-30 11:47:56,080 - views.main_view - INFO - Tiempo restante: 1 segundos
2025-09-30 11:47:57,089 - utils.config_manager - INFO - Configuración guardada correctamente
2025-09-30 11:47:57,100 - views.main_view - INFO - Procesando lote 15 de 465
2025-09-30 11:47:57,106 - views.main_view - INFO - Procesando archivo: LT 15.kml
2025-09-30 11:47:57,115 - views.main_view - INFO - Usando formato: LT
2025-09-30 11:48:00,112 - views.main_view - INFO - Botón 'img/b1.png' encontrado en (444, 220) - Confianza: 1.00
2025-09-30 11:48:05,118 - views.main_view - INFO - Botón 'img/b2.png' encontrado en (1388, 595) - Confianza: 1.00
2025-09-30 11:48:10,163 - views.main_view - INFO - Botón 'img/b3.png' encontrado en (1412, 634) - Confianza: 0.89
2025-09-30 11:48:14,011 - views.main_view - INFO - Botón 'img/b4.png' no encontrado. Mejor coincidencia: 0.48 (Intento 2)
2025-09-30 11:48:17,092 - views.main_view - INFO - Botón 'img/b4.png' encontrado en (1115, 654) - Confianza: 1.00
2025-09-30 11:48:20,376 - controllers.image_search_controller - INFO - Ventana encontrada con confianza: 1.00
2025-09-30 11:48:20,378 - controllers.image_search_controller - INFO - Coordenadas ventana: x=1040, y=330
2025-09-30 11:48:20,378 - controllers.image_search_controller - INFO - Coordenadas campo texto: x=1334, y=830
2025-09-30 11:48:20,381 - utils.ahk_manager - INFO - Comando enviado a AHK: 1334,830,LT 15.kml
2025-09-30 11:48:35,387 - views.main_view - INFO - Botón 'img/b1.png' encontrado en (444, 220) - Confianza: 1.00
2025-09-30 11:48:40,395 - views.main_view - INFO - Botón 'img/b6.png' encontrado en (1397, 665) - Confianza: 1.00
2025-09-30 11:48:45,431 - views.main_view - INFO - Botón 'img/b7.png' encontrado en (1251, 186) - Confianza: 1.00
2025-09-30 11:48:50,433 - views.main_view - INFO - Botón 'img/b8.png' encontrado en (1261, 404) - Confianza: 0.83
2025-09-30 11:48:50,449 - views.main_view - INFO - Presionando Enter 3 veces
2025-09-30 11:48:53,071 - views.main_view - INFO - Secuencia completada para lote 15 de 465
2025-09-30 11:48:53,080 - views.main_view - INFO - Esperando 1 segundos antes del próximo lote...
2025-09-30 11:48:53,091 - views.main_view - INFO - Tiempo restante: 1 segundos
2025-09-30 11:48:54,101 - utils.config_manager - INFO - Configuración guardada correctamente
2025-09-30 11:48:54,111 - views.main_view - INFO - Procesando lote 16 de 465
2025-09-30 11:48:54,115 - views.main_view - INFO - Procesando archivo: LT 16.kml
2025-09-30 11:48:54,121 - views.main_view - INFO - Usando formato: LT
2025-09-30 11:48:57,117 - views.main_view - INFO - Botón 'img/b1.png' encontrado en (444, 220) - Confianza: 1.00
2025-09-30 11:49:02,115 - views.main_view - INFO - Botón 'img/b2.png' encontrado en (1388, 595) - Confianza: 1.00
2025-09-30 11:49:07,163 - views.main_view - INFO - Botón 'img/b3.png' encontrado en (1412, 634) - Confianza: 0.89
2025-09-30 11:49:10,986 - views.main_view - INFO - Botón 'img/b4.png' no encontrado. Mejor coincidencia: 0.48 (Intento 2)
2025-09-30 11:49:14,049 - views.main_view - INFO - Botón 'img/b4.png' encontrado en (1115, 654) - Confianza: 1.00
2025-09-30 11:49:17,336 - controllers.image_search_controller - INFO - Ventana encontrada con confianza: 1.00
2025-09-30 11:49:17,337 - controllers.image_search_controller - INFO - Coordenadas ventana: x=1040, y=330
2025-09-30 11:49:17,338 - controllers.image_search_controller - INFO - Coordenadas campo texto: x=1334, y=830
2025-09-30 11:49:17,340 - utils.ahk_manager - INFO - Comando enviado a AHK: 1334,830,LT 16.kml
2025-09-30 11:49:32,340 - views.main_view - INFO - Botón 'img/b1.png' encontrado en (444, 220) - Confianza: 1.00
2025-09-30 11:49:37,343 - views.main_view - INFO - Botón 'img/b6.png' encontrado en (1397, 665) - Confianza: 1.00
2025-09-30 11:49:42,356 - views.main_view - INFO - Botón 'img/b7.png' encontrado en (1251, 186) - Confianza: 1.00
2025-09-30 11:49:47,360 - views.main_view - INFO - Botón 'img/b8.png' encontrado en (1261, 404) - Confianza: 0.83
2025-09-30 11:49:47,375 - views.main_view - INFO - Presionando Enter 3 veces
2025-09-30 11:49:49,994 - views.main_view - INFO - Secuencia completada para lote 16 de 465
2025-09-30 11:49:50,003 - views.main_view - INFO - Esperando 1 segundos antes del próximo lote...
2025-09-30 11:49:50,009 - views.main_view - INFO - Tiempo restante: 1 segundos
2025-09-30 11:49:51,020 - utils.config_manager - INFO - Configuración guardada correctamente
2025-09-30 11:49:51,029 - views.main_view - INFO - Procesando lote 17 de 465
2025-09-30 11:49:51,038 - views.main_view - INFO - Procesando archivo: LT 17.kml
2025-09-30 11:49:51,046 - views.main_view - INFO - Usando formato: LT
2025-09-30 11:49:54,038 - views.main_view - INFO - Botón 'img/b1.png' encontrado en (444, 220) - Confianza: 1.00
2025-09-30 11:49:59,035 - views.main_view - INFO - Botón 'img/b2.png' encontrado en (1388, 595) - Confianza: 1.00
2025-09-30 11:50:04,067 - views.main_view - INFO - Botón 'img/b3.png' encontrado en (1412, 634) - Confianza: 0.89
2025-09-30 11:50:07,911 - views.main_view - INFO - Botón 'img/b4.png' no encontrado. Mejor coincidencia: 0.48 (Intento 2)
2025-09-30 11:50:10,944 - views.main_view - INFO - Botón 'img/b4.png' encontrado en (1115, 654) - Confianza: 1.00
2025-09-30 11:50:14,255 - controllers.image_search_controller - INFO - Ventana encontrada con confianza: 1.00
2025-09-30 11:50:14,257 - controllers.image_search_controller - INFO - Coordenadas ventana: x=1040, y=330
2025-09-30 11:50:14,257 - controllers.image_search_controller - INFO - Coordenadas campo texto: x=1334, y=830
2025-09-30 11:50:14,293 - utils.ahk_manager - INFO - Comando enviado a AHK: 1334,830,LT 17.kml
2025-09-30 11:50:29,313 - views.main_view - INFO - Botón 'img/b1.png' encontrado en (444, 220) - Confianza: 0.88
2025-09-30 11:50:34,344 - views.main_view - INFO - Botón 'img/b6.png' encontrado en (1397, 665) - Confianza: 1.00
2025-09-30 11:50:39,364 - views.main_view - INFO - Botón 'img/b7.png' encontrado en (1251, 186) - Confianza: 1.00
2025-09-30 11:50:44,376 - views.main_view - INFO - Botón 'img/b8.png' encontrado en (1261, 404) - Confianza: 0.83
2025-09-30 11:50:44,392 - views.main_view - INFO - Presionando Enter 3 veces
2025-09-30 11:50:47,047 - views.main_view - INFO - Secuencia completada para lote 17 de 465
2025-09-30 11:50:47,055 - views.main_view - INFO - Esperando 1 segundos antes del próximo lote...
2025-09-30 11:50:47,064 - views.main_view - INFO - Tiempo restante: 1 segundos
2025-09-30 11:50:48,074 - utils.config_manager - INFO - Configuración guardada correctamente
2025-09-30 11:50:48,084 - views.main_view - INFO - Procesando lote 18 de 465
2025-09-30 11:50:48,091 - views.main_view - INFO - Procesando archivo: LT 18.kml
2025-09-30 11:50:48,099 - views.main_view - INFO - Usando formato: LT
2025-09-30 11:50:51,118 - views.main_view - INFO - Botón 'img/b1.png' encontrado en (444, 220) - Confianza: 1.00
2025-09-30 11:50:56,120 - views.main_view - INFO - Botón 'img/b2.png' encontrado en (1388, 595) - Confianza: 1.00
2025-09-30 11:51:01,145 - views.main_view - INFO - Botón 'img/b3.png' encontrado en (1412, 634) - Confianza: 0.89
2025-09-30 11:51:04,999 - views.main_view - INFO - Botón 'img/b4.png' no encontrado. Mejor coincidencia: 0.48 (Intento 2)
2025-09-30 11:51:08,044 - views.main_view - INFO - Botón 'img/b4.png' encontrado en (1115, 654) - Confianza: 1.00
2025-09-30 11:51:11,329 - controllers.image_search_controller - INFO - Ventana encontrada con confianza: 1.00
2025-09-30 11:51:11,331 - controllers.image_search_controller - INFO - Coordenadas ventana: x=1040, y=330
2025-09-30 11:51:11,331 - controllers.image_search_controller - INFO - Coordenadas campo texto: x=1334, y=830
2025-09-30 11:51:11,368 - utils.ahk_manager - INFO - Comando enviado a AHK: 1334,830,LT 18.kml
2025-09-30 11:51:26,364 - views.main_view - INFO - Botón 'img/b1.png' encontrado en (444, 220) - Confianza: 0.88
2025-09-30 11:51:31,391 - views.main_view - INFO - Botón 'img/b6.png' encontrado en (1397, 665) - Confianza: 1.00
2025-09-30 11:51:36,390 - views.main_view - INFO - Botón 'img/b7.png' encontrado en (1251, 186) - Confianza: 1.00
2025-09-30 11:51:41,404 - views.main_view - INFO - Botón 'img/b8.png' encontrado en (1261, 404) - Confianza: 0.83
2025-09-30 11:51:41,420 - views.main_view - INFO - Presionando Enter 3 veces
2025-09-30 11:51:44,041 - views.main_view - INFO - Secuencia completada para lote 18 de 465
2025-09-30 11:51:44,050 - views.main_view - INFO - Esperando 1 segundos antes del próximo lote...
2025-09-30 11:51:44,058 - views.main_view - INFO - Tiempo restante: 1 segundos
2025-09-30 11:51:45,067 - utils.config_manager - INFO - Configuración guardada correctamente
2025-09-30 11:51:45,078 - views.main_view - INFO - Procesando lote 19 de 465
2025-09-30 11:51:45,086 - views.main_view - INFO - Procesando archivo: LT 19.kml
2025-09-30 11:51:45,094 - views.main_view - INFO - Usando formato: LT
2025-09-30 11:51:48,082 - views.main_view - INFO - Botón 'img/b1.png' encontrado en (444, 220) - Confianza: 1.00
2025-09-30 11:51:53,068 - views.main_view - INFO - Botón 'img/b2.png' encontrado en (1388, 595) - Confianza: 1.00
2025-09-30 11:51:58,076 - views.main_view - INFO - Botón 'img/b3.png' encontrado en (1412, 634) - Confianza: 0.89
2025-09-30 11:52:03,100 - views.main_view - INFO - Botón 'img/b4.png' encontrado en (1115, 654) - Confianza: 1.00
2025-09-30 11:52:06,417 - controllers.image_search_controller - INFO - Ventana encontrada con confianza: 1.00
2025-09-30 11:52:06,419 - controllers.image_search_controller - INFO - Coordenadas ventana: x=1040, y=330
2025-09-30 11:52:06,419 - controllers.image_search_controller - INFO - Coordenadas campo texto: x=1334, y=830
2025-09-30 11:52:06,421 - utils.ahk_manager - INFO - Comando enviado a AHK: 1334,830,LT 19.kml
2025-09-30 11:52:21,436 - views.main_view - INFO - Botón 'img/b1.png' encontrado en (444, 220) - Confianza: 1.00
2025-09-30 11:52:26,457 - views.main_view - INFO - Botón 'img/b6.png' encontrado en (1397, 665) - Confianza: 1.00
2025-09-30 11:52:31,473 - views.main_view - INFO - Botón 'img/b7.png' encontrado en (1251, 186) - Confianza: 1.00
2025-09-30 11:52:36,477 - views.main_view - INFO - Botón 'img/b8.png' encontrado en (1261, 404) - Confianza: 0.83
2025-09-30 11:52:36,482 - views.main_view - INFO - Presionando Enter 3 veces
2025-09-30 11:52:39,103 - views.main_view - INFO - Secuencia completada para lote 19 de 465
2025-09-30 11:52:39,107 - views.main_view - INFO - Esperando 1 segundos antes del próximo lote...
2025-09-30 11:52:39,110 - views.main_view - INFO - Tiempo restante: 1 segundos
2025-09-30 11:52:40,114 - utils.config_manager - INFO - Configuración guardada correctamente
2025-09-30 11:52:40,118 - views.main_view - INFO - Procesando lote 20 de 465
2025-09-30 11:52:40,121 - views.main_view - INFO - Procesando archivo: LT 20.kml
2025-09-30 11:52:40,124 - views.main_view - INFO - Usando formato: LT
2025-09-30 11:52:43,153 - views.main_view - INFO - Botón 'img/b1.png' encontrado en (444, 220) - Confianza: 1.00
2025-09-30 11:52:48,154 - views.main_view - INFO - Botón 'img/b2.png' encontrado en (1388, 595) - Confianza: 1.00
2025-09-30 11:52:53,174 - views.main_view - INFO - Botón 'img/b3.png' encontrado en (1412, 634) - Confianza: 0.89
2025-09-30 11:52:56,989 - views.main_view - INFO - Botón 'img/b4.png' no encontrado. Mejor coincidencia: 0.48 (Intento 2)
2025-09-30 11:53:00,038 - views.main_view - INFO - Botón 'img/b4.png' encontrado en (1115, 654) - Confianza: 1.00
2025-09-30 11:53:03,323 - controllers.image_search_controller - INFO - Ventana encontrada con confianza: 1.00
2025-09-30 11:53:03,325 - controllers.image_search_controller - INFO - Coordenadas ventana: x=1040, y=330
2025-09-30 11:53:03,325 - controllers.image_search_controller - INFO - Coordenadas campo texto: x=1334, y=830
2025-09-30 11:53:03,328 - utils.ahk_manager - INFO - Comando enviado a AHK: 1334,830,LT 20.kml
2025-09-30 11:53:18,319 - views.main_view - INFO - Botón 'img/b1.png' encontrado en (444, 220) - Confianza: 1.00
2025-09-30 11:53:23,345 - views.main_view - INFO - Botón 'img/b6.png' encontrado en (1397, 665) - Confianza: 1.00
2025-09-30 11:53:28,342 - views.main_view - INFO - Botón 'img/b7.png' encontrado en (1251, 186) - Confianza: 1.00
2025-09-30 11:53:33,360 - views.main_view - INFO - Botón 'img/b8.png' encontrado en (1261, 404) - Confianza: 0.83
2025-09-30 11:53:33,368 - views.main_view - INFO - Presionando Enter 3 veces
2025-09-30 11:53:35,979 - views.main_view - INFO - Presionando 'S' para guardar cambios
2025-09-30 11:53:37,088 - views.main_view - INFO - Secuencia completada para lote 20 de 465
2025-09-30 11:53:37,099 - views.main_view - INFO - Esperando 1 segundos antes del próximo lote...
2025-09-30 11:53:37,105 - views.main_view - INFO - Tiempo restante: 1 segundos
2025-09-30 11:53:38,110 - utils.config_manager - INFO - Configuración guardada correctamente
2025-09-30 11:53:38,114 - views.main_view - INFO - Procesando lote 21 de 465
2025-09-30 11:53:38,119 - views.main_view - INFO - Procesando archivo: LT 21.kml
2025-09-30 11:53:38,123 - views.main_view - INFO - Usando formato: LT
2025-09-30 11:53:41,105 - views.main_view - INFO - Botón 'img/b1.png' encontrado en (444, 220) - Confianza: 1.00
2025-09-30 11:53:46,122 - views.main_view - INFO - Botón 'img/b2.png' encontrado en (1388, 595) - Confianza: 1.00
2025-09-30 11:53:51,132 - views.main_view - INFO - Botón 'img/b3.png' encontrado en (1412, 634) - Confianza: 0.89
2025-09-30 11:53:56,161 - views.main_view - INFO - Botón 'img/b4.png' encontrado en (1115, 654) - Confianza: 1.00
2025-09-30 11:53:59,406 - controllers.image_search_controller - INFO - Ventana encontrada con confianza: 1.00
2025-09-30 11:53:59,408 - controllers.image_search_controller - INFO - Coordenadas ventana: x=1040, y=330
2025-09-30 11:53:59,408 - controllers.image_search_controller - INFO - Coordenadas campo texto: x=1334, y=830
2025-09-30 11:53:59,411 - utils.ahk_manager - INFO - Comando enviado a AHK: 1334,830,LT 21.kml
2025-09-30 11:54:14,447 - views.main_view - INFO - Botón 'img/b1.png' encontrado en (444, 220) - Confianza: 0.88
2025-09-30 11:54:19,469 - views.main_view - INFO - Botón 'img/b6.png' encontrado en (1397, 665) - Confianza: 1.00
2025-09-30 11:54:24,469 - views.main_view - INFO - Botón 'img/b7.png' encontrado en (1251, 186) - Confianza: 1.00
2025-09-30 11:54:29,471 - views.main_view - INFO - Botón 'img/b8.png' encontrado en (1261, 404) - Confianza: 0.83
2025-09-30 11:54:29,486 - views.main_view - INFO - Presionando Enter 3 veces
2025-09-30 11:54:32,102 - views.main_view - INFO - Secuencia completada para lote 21 de 465
2025-09-30 11:54:32,106 - views.main_view - INFO - Esperando 1 segundos antes del próximo lote...
2025-09-30 11:54:32,110 - views.main_view - INFO - Tiempo restante: 1 segundos
2025-09-30 11:54:33,119 - utils.config_manager - INFO - Configuración guardada correctamente
2025-09-30 11:54:33,128 - views.main_view - INFO - Procesando lote 22 de 465
2025-09-30 11:54:33,136 - views.main_view - INFO - Procesando archivo: LT 22.kml
2025-09-30 11:54:33,143 - views.main_view - INFO - Usando formato: LT
2025-09-30 11:54:36,114 - views.main_view - INFO - Botón 'img/b1.png' encontrado en (444, 220) - Confianza: 1.00
2025-09-30 11:54:41,125 - views.main_view - INFO - Botón 'img/b2.png' encontrado en (1388, 595) - Confianza: 1.00
2025-09-30 11:54:46,148 - views.main_view - INFO - Botón 'img/b3.png' encontrado en (1412, 634) - Confianza: 0.89
2025-09-30 11:54:49,995 - views.main_view - INFO - Botón 'img/b4.png' no encontrado. Mejor coincidencia: 0.48 (Intento 2)
2025-09-30 11:54:53,072 - views.main_view - INFO - Botón 'img/b4.png' encontrado en (1115, 654) - Confianza: 1.00
2025-09-30 11:54:56,336 - controllers.image_search_controller - INFO - Ventana encontrada con confianza: 1.00
2025-09-30 11:54:56,337 - controllers.image_search_controller - INFO - Coordenadas ventana: x=1040, y=330
2025-09-30 11:54:56,338 - controllers.image_search_controller - INFO - Coordenadas campo texto: x=1334, y=830
2025-09-30 11:54:56,340 - utils.ahk_manager - INFO - Comando enviado a AHK: 1334,830,LT 22.kml
2025-09-30 11:55:11,338 - views.main_view - INFO - Botón 'img/b1.png' encontrado en (444, 220) - Confianza: 1.00
2025-09-30 11:55:16,352 - views.main_view - INFO - Botón 'img/b6.png' encontrado en (1397, 665) - Confianza: 1.00
2025-09-30 11:55:21,362 - views.main_view - INFO - Botón 'img/b7.png' encontrado en (1251, 186) - Confianza: 1.00
2025-09-30 11:55:26,376 - views.main_view - INFO - Botón 'img/b8.png' encontrado en (1261, 404) - Confianza: 0.83
2025-09-30 11:55:26,391 - views.main_view - INFO - Presionando Enter 3 veces
2025-09-30 11:55:29,016 - views.main_view - INFO - Secuencia completada para lote 22 de 465
2025-09-30 11:55:29,023 - views.main_view - INFO - Esperando 1 segundos antes del próximo lote...
2025-09-30 11:55:29,030 - views.main_view - INFO - Tiempo restante: 1 segundos
2025-09-30 11:55:30,036 - utils.config_manager - INFO - Configuración guardada correctamente
2025-09-30 11:55:30,041 - views.main_view - INFO - Procesando lote 23 de 465
2025-09-30 11:55:30,045 - views.main_view - INFO - Procesando archivo: LT 23.kml
2025-09-30 11:55:30,050 - views.main_view - INFO - Usando formato: LT
2025-09-30 11:55:33,027 - views.main_view - INFO - Botón 'img/b1.png' encontrado en (444, 220) - Confianza: 1.00
2025-09-30 11:55:38,044 - views.main_view - INFO - Botón 'img/b2.png' encontrado en (1388, 595) - Confianza: 1.00
2025-09-30 11:55:43,069 - views.main_view - INFO - Botón 'img/b3.png' encontrado en (1412, 634) - Confianza: 0.89
2025-09-30 11:55:46,906 - views.main_view - INFO - Botón 'img/b4.png' no encontrado. Mejor coincidencia: 0.48 (Intento 2)
2025-09-30 11:55:48,763 - views.main_view - INFO - Botón 'img/b4.png' no encontrado. Mejor coincidencia: 0.48 (Intento 3)
2025-09-30 11:55:51,785 - views.main_view - INFO - Botón 'img/b4.png' encontrado en (1115, 654) - Confianza: 1.00
2025-09-30 11:55:55,082 - controllers.image_search_controller - INFO - Ventana encontrada con confianza: 1.00
2025-09-30 11:55:55,083 - controllers.image_search_controller - INFO - Coordenadas ventana: x=1040, y=330
2025-09-30 11:55:55,084 - controllers.image_search_controller - INFO - Coordenadas campo texto: x=1334, y=830
2025-09-30 11:55:55,086 - utils.ahk_manager - INFO - Comando enviado a AHK: 1334,830,LT 23.kml
2025-09-30 11:56:10,106 - views.main_view - INFO - Botón 'img/b1.png' encontrado en (444, 220) - Confianza: 0.88
2025-09-30 11:56:15,116 - views.main_view - INFO - Botón 'img/b6.png' encontrado en (1397, 665) - Confianza: 1.00
2025-09-30 11:56:20,139 - views.main_view - INFO - Botón 'img/b7.png' encontrado en (1251, 186) - Confianza: 1.00
2025-09-30 11:56:25,147 - views.main_view - INFO - Botón 'img/b8.png' encontrado en (1261, 404) - Confianza: 0.83
2025-09-30 11:56:25,163 - views.main_view - INFO - Presionando Enter 3 veces
2025-09-30 11:56:27,786 - views.main_view - INFO - Secuencia completada para lote 23 de 465
2025-09-30 11:56:27,792 - views.main_view - INFO - Esperando 1 segundos antes del próximo lote...
2025-09-30 11:56:27,798 - views.main_view - INFO - Tiempo restante: 1 segundos
2025-09-30 11:56:28,802 - utils.config_manager - INFO - Configuración guardada correctamente
2025-09-30 11:56:28,805 - views.main_view - INFO - Procesando lote 24 de 465
2025-09-30 11:56:28,806 - views.main_view - INFO - Procesando archivo: LT 24.kml
2025-09-30 11:56:28,811 - views.main_view - INFO - Usando formato: LT
2025-09-30 11:56:31,811 - views.main_view - INFO - Botón 'img/b1.png' encontrado en (444, 220) - Confianza: 1.00
2025-09-30 11:56:36,822 - views.main_view - INFO - Botón 'img/b2.png' encontrado en (1388, 595) - Confianza: 1.00
2025-09-30 11:56:41,855 - views.main_view - INFO - Botón 'img/b3.png' encontrado en (1412, 634) - Confianza: 0.89
2025-09-30 11:56:45,700 - views.main_view - INFO - Botón 'img/b4.png' no encontrado. Mejor coincidencia: 0.48 (Intento 2)
2025-09-30 11:56:48,730 - views.main_view - INFO - Botón 'img/b4.png' encontrado en (1115, 654) - Confianza: 1.00
2025-09-30 11:56:52,027 - controllers.image_search_controller - INFO - Ventana encontrada con confianza: 1.00
2025-09-30 11:56:52,028 - controllers.image_search_controller - INFO - Coordenadas ventana: x=1040, y=330
2025-09-30 11:56:52,029 - controllers.image_search_controller - INFO - Coordenadas campo texto: x=1334, y=830
2025-09-30 11:56:52,031 - utils.ahk_manager - INFO - Comando enviado a AHK: 1334,830,LT 24.kml
2025-09-30 11:57:07,043 - views.main_view - INFO - Botón 'img/b1.png' encontrado en (444, 220) - Confianza: 0.88
2025-09-30 11:57:12,096 - views.main_view - INFO - Botón 'img/b6.png' encontrado en (1397, 665) - Confianza: 1.00
2025-09-30 11:57:17,081 - views.main_view - INFO - Botón 'img/b7.png' encontrado en (1251, 186) - Confianza: 1.00
2025-09-30 11:57:22,108 - views.main_view - INFO - Botón 'img/b8.png' encontrado en (1261, 404) - Confianza: 0.83
2025-09-30 11:57:22,123 - views.main_view - INFO - Presionando Enter 3 veces
2025-09-30 11:57:24,743 - views.main_view - INFO - Secuencia completada para lote 24 de 465
2025-09-30 11:57:24,754 - views.main_view - INFO - Esperando 1 segundos antes del próximo lote...
2025-09-30 11:57:24,766 - views.main_view - INFO - Tiempo restante: 1 segundos
2025-09-30 11:57:25,776 - utils.config_manager - INFO - Configuración guardada correctamente
2025-09-30 11:57:25,785 - views.main_view - INFO - Procesando lote 25 de 465
2025-09-30 11:57:25,789 - views.main_view - INFO - Procesando archivo: LT 25.kml
2025-09-30 11:57:25,794 - views.main_view - INFO - Usando formato: LT
2025-09-30 11:57:28,784 - views.main_view - INFO - Botón 'img/b1.png' encontrado en (444, 220) - Confianza: 1.00
2025-09-30 11:57:33,781 - views.main_view - INFO - Botón 'img/b2.png' encontrado en (1388, 595) - Confianza: 1.00
2025-09-30 11:57:38,790 - views.main_view - INFO - Botón 'img/b3.png' encontrado en (1412, 634) - Confianza: 0.89
2025-09-30 11:57:42,654 - views.main_view - INFO - Botón 'img/b4.png' no encontrado. Mejor coincidencia: 0.48 (Intento 2)
2025-09-30 11:57:45,738 - views.main_view - INFO - Botón 'img/b4.png' encontrado en (1115, 654) - Confianza: 1.00
2025-09-30 11:57:49,042 - controllers.image_search_controller - INFO - Ventana encontrada con confianza: 1.00
2025-09-30 11:57:49,044 - controllers.image_search_controller - INFO - Coordenadas ventana: x=1040, y=330
2025-09-30 11:57:49,044 - controllers.image_search_controller - INFO - Coordenadas campo texto: x=1334, y=830
2025-09-30 11:57:49,046 - utils.ahk_manager - INFO - Comando enviado a AHK: 1334,830,LT 25.kml
2025-09-30 11:58:04,063 - views.main_view - INFO - Botón 'img/b1.png' encontrado en (444, 220) - Confianza: 0.88
2025-09-30 11:58:09,055 - views.main_view - INFO - Botón 'img/b6.png' encontrado en (1397, 665) - Confianza: 1.00
2025-09-30 11:58:14,082 - views.main_view - INFO - Botón 'img/b7.png' encontrado en (1251, 186) - Confianza: 1.00
2025-09-30 11:58:19,086 - views.main_view - INFO - Botón 'img/b8.png' encontrado en (1261, 404) - Confianza: 0.83
2025-09-30 11:58:19,101 - views.main_view - INFO - Presionando Enter 3 veces
2025-09-30 11:58:21,722 - views.main_view - INFO - Secuencia completada para lote 25 de 465
2025-09-30 11:58:21,731 - views.main_view - INFO - Esperando 1 segundos antes del próximo lote...
2025-09-30 11:58:21,739 - views.main_view - INFO - Tiempo restante: 1 segundos
2025-09-30 11:58:22,744 - utils.config_manager - INFO - Configuración guardada correctamente
2025-09-30 11:58:22,749 - views.main_view - INFO - Procesando lote 26 de 465
2025-09-30 11:58:22,753 - views.main_view - INFO - Procesando archivo: LT 26.kml
2025-09-30 11:58:22,758 - views.main_view - INFO - Usando formato: LT
2025-09-30 11:58:25,759 - views.main_view - INFO - Botón 'img/b1.png' encontrado en (444, 220) - Confianza: 1.00
2025-09-30 11:58:30,773 - views.main_view - INFO - Botón 'img/b2.png' encontrado en (1388, 595) - Confianza: 1.00
2025-09-30 11:58:35,787 - views.main_view - INFO - Botón 'img/b3.png' encontrado en (1412, 634) - Confianza: 0.89
2025-09-30 11:58:40,792 - views.main_view - INFO - Botón 'img/b4.png' encontrado en (1115, 654) - Confianza: 1.00
2025-09-30 11:58:44,081 - controllers.image_search_controller - INFO - Ventana encontrada con confianza: 1.00
2025-09-30 11:58:44,082 - controllers.image_search_controller - INFO - Coordenadas ventana: x=1040, y=330
2025-09-30 11:58:44,083 - controllers.image_search_controller - INFO - Coordenadas campo texto: x=1334, y=830
2025-09-30 11:58:44,085 - utils.ahk_manager - INFO - Comando enviado a AHK: 1334,830,LT 26.kml
2025-09-30 11:58:59,099 - views.main_view - INFO - Botón 'img/b1.png' encontrado en (444, 220) - Confianza: 1.00
2025-09-30 11:59:04,183 - views.main_view - INFO - Botón 'img/b6.png' encontrado en (1397, 665) - Confianza: 1.00
2025-09-30 11:59:09,198 - views.main_view - INFO - Botón 'img/b7.png' encontrado en (1251, 186) - Confianza: 1.00
2025-09-30 11:59:14,176 - views.main_view - INFO - Botón 'img/b8.png' encontrado en (1261, 404) - Confianza: 0.83
2025-09-30 11:59:14,184 - views.main_view - INFO - Presionando Enter 3 veces
2025-09-30 11:59:16,806 - views.main_view - INFO - Secuencia completada para lote 26 de 465
2025-09-30 11:59:16,815 - views.main_view - INFO - Esperando 1 segundos antes del próximo lote...
2025-09-30 11:59:16,823 - views.main_view - INFO - Tiempo restante: 1 segundos
2025-09-30 11:59:17,834 - utils.config_manager - INFO - Configuración guardada correctamente
2025-09-30 11:59:17,846 - views.main_view - INFO - Procesando lote 27 de 465
2025-09-30 11:59:17,855 - views.main_view - INFO - Procesando archivo: LT 27.kml
2025-09-30 11:59:17,863 - views.main_view - INFO - Usando formato: LT
2025-09-30 11:59:20,845 - views.main_view - INFO - Botón 'img/b1.png' encontrado en (444, 220) - Confianza: 1.00
2025-09-30 11:59:25,848 - views.main_view - INFO - Botón 'img/b2.png' encontrado en (1388, 595) - Confianza: 1.00
2025-09-30 11:59:30,865 - views.main_view - INFO - Botón 'img/b3.png' encontrado en (1412, 634) - Confianza: 0.89
2025-09-30 11:59:35,859 - views.main_view - INFO - Botón 'img/b4.png' encontrado en (1115, 654) - Confianza: 1.00
2025-09-30 11:59:39,125 - controllers.image_search_controller - INFO - Ventana encontrada con confianza: 1.00
2025-09-30 11:59:39,129 - controllers.image_search_controller - INFO - Coordenadas ventana: x=1040, y=330
2025-09-30 11:59:39,129 - controllers.image_search_controller - INFO - Coordenadas campo texto: x=1334, y=830
2025-09-30 11:59:39,131 - utils.ahk_manager - INFO - Comando enviado a AHK: 1334,830,LT 27.kml
2025-09-30 11:59:54,142 - views.main_view - INFO - Botón 'img/b1.png' encontrado en (444, 220) - Confianza: 0.88
2025-09-30 11:59:59,154 - views.main_view - INFO - Botón 'img/b6.png' encontrado en (1397, 665) - Confianza: 1.00
2025-09-30 12:00:04,167 - views.main_view - INFO - Botón 'img/b7.png' encontrado en (1251, 186) - Confianza: 1.00
2025-09-30 12:00:09,190 - views.main_view - INFO - Botón 'img/b8.png' encontrado en (1261, 404) - Confianza: 0.83
2025-09-30 12:00:09,205 - views.main_view - INFO - Presionando Enter 3 veces
2025-09-30 12:00:11,846 - views.main_view - INFO - Secuencia completada para lote 27 de 465
2025-09-30 12:00:11,859 - views.main_view - INFO - Esperando 1 segundos antes del próximo lote...
2025-09-30 12:00:11,869 - views.main_view - INFO - Tiempo restante: 1 segundos
2025-09-30 12:00:12,880 - utils.config_manager - INFO - Configuración guardada correctamente
2025-09-30 12:00:12,891 - views.main_view - INFO - Procesando lote 28 de 465
2025-09-30 12:00:12,896 - views.main_view - INFO - Procesando archivo: LT 28.kml
2025-09-30 12:00:12,902 - views.main_view - INFO - Usando formato: LT
2025-09-30 12:00:15,879 - views.main_view - INFO - Botón 'img/b1.png' encontrado en (444, 220) - Confianza: 1.00
2025-09-30 12:00:20,890 - views.main_view - INFO - Botón 'img/b2.png' encontrado en (1388, 595) - Confianza: 1.00
2025-09-30 12:00:25,897 - views.main_view - INFO - Botón 'img/b3.png' encontrado en (1412, 634) - Confianza: 0.89
2025-09-30 12:00:30,945 - views.main_view - INFO - Botón 'img/b4.png' encontrado en (1115, 654) - Confianza: 1.00
2025-09-30 12:00:34,231 - controllers.image_search_controller - INFO - Ventana encontrada con confianza: 1.00
2025-09-30 12:00:34,232 - controllers.image_search_controller - INFO - Coordenadas ventana: x=1040, y=330
2025-09-30 12:00:34,233 - controllers.image_search_controller - INFO - Coordenadas campo texto: x=1334, y=830
2025-09-30 12:00:34,235 - utils.ahk_manager - INFO - Comando enviado a AHK: 1334,830,LT 28.kml
2025-09-30 12:00:49,263 - views.main_view - INFO - Botón 'img/b1.png' encontrado en (444, 220) - Confianza: 0.88
2025-09-30 12:00:54,282 - views.main_view - INFO - Botón 'img/b6.png' encontrado en (1397, 665) - Confianza: 1.00
2025-09-30 12:00:59,272 - views.main_view - INFO - Botón 'img/b7.png' encontrado en (1251, 186) - Confianza: 0.80
2025-09-30 12:01:03,049 - views.main_view - INFO - Botón 'img/b8.png' no encontrado. Mejor coincidencia: 0.60 (Intento 2)
2025-09-30 12:01:04,870 - views.main_view - INFO - Botón 'img/b8.png' no encontrado. Mejor coincidencia: 0.60 (Intento 3)
2025-09-30 12:01:06,696 - views.main_view - INFO - Botón 'img/b8.png' no encontrado. Mejor coincidencia: 0.60 (Intento 4)
2025-09-30 12:01:08,554 - views.main_view - INFO - Botón 'img/b8.png' no encontrado. Mejor coincidencia: 0.60 (Intento 5)
2025-09-30 12:01:10,344 - views.main_view - INFO - Botón 'img/b8.png' no encontrado. Mejor coincidencia: 0.60 (Intento 6)
2025-09-30 12:01:12,125 - views.main_view - INFO - Botón 'img/b8.png' no encontrado. Mejor coincidencia: 0.60 (Intento 7)
2025-09-30 12:01:13,964 - views.main_view - INFO - Botón 'img/b8.png' no encontrado. Mejor coincidencia: 0.60 (Intento 8)
2025-09-30 12:01:15,823 - views.main_view - INFO - Botón 'img/b8.png' no encontrado. Mejor coincidencia: 0.60 (Intento 9)
2025-09-30 12:01:17,627 - views.main_view - INFO - Botón 'img/b8.png' no encontrado. Mejor coincidencia: 0.60 (Intento 10)
2025-09-30 12:01:17,908 - models.image_search_model - INFO - Intento 10: Mejor coincidencia: 0.60
2025-09-30 12:01:27,926 - views.main_view - INFO - Botón 'img/b8.png' no encontrado. Mejor coincidencia: 0.60 (Intento 11)
2025-09-30 12:01:29,742 - views.main_view - INFO - Botón 'img/b8.png' no encontrado. Mejor coincidencia: 0.60 (Intento 12)
2025-09-30 12:01:31,575 - views.main_view - INFO - Botón 'img/b8.png' no encontrado. Mejor coincidencia: 0.60 (Intento 13)
2025-09-30 12:01:33,380 - views.main_view - INFO - Botón 'img/b8.png' no encontrado. Mejor coincidencia: 0.60 (Intento 14)
2025-09-30 12:01:35,215 - views.main_view - INFO - Botón 'img/b8.png' no encontrado. Mejor coincidencia: 0.60 (Intento 15)
2025-09-30 12:01:37,072 - views.main_view - INFO - Botón 'img/b8.png' no encontrado. Mejor coincidencia: 0.60 (Intento 16)
2025-09-30 12:01:38,864 - views.main_view - INFO - Botón 'img/b8.png' no encontrado. Mejor coincidencia: 0.60 (Intento 17)
2025-09-30 12:01:40,672 - views.main_view - INFO - Botón 'img/b8.png' no encontrado. Mejor coincidencia: 0.60 (Intento 18)
2025-09-30 12:01:42,494 - views.main_view - INFO - Botón 'img/b8.png' no encontrado. Mejor coincidencia: 0.60 (Intento 19)
2025-09-30 12:01:44,299 - views.main_view - INFO - Botón 'img/b8.png' no encontrado. Mejor coincidencia: 0.60 (Intento 20)
2025-09-30 12:01:44,615 - models.image_search_model - INFO - Intento 20: Mejor coincidencia: 0.60
2025-09-30 12:01:54,632 - views.main_view - INFO - Botón 'img/b8.png' no encontrado. Mejor coincidencia: 0.60 (Intento 21)
2025-09-30 12:01:56,437 - views.main_view - INFO - Botón 'img/b8.png' no encontrado. Mejor coincidencia: 0.60 (Intento 22)
2025-09-30 12:01:58,265 - views.main_view - INFO - Botón 'img/b8.png' no encontrado. Mejor coincidencia: 0.60 (Intento 23)
2025-09-30 12:02:00,069 - views.main_view - INFO - Botón 'img/b8.png' no encontrado. Mejor coincidencia: 0.60 (Intento 24)
2025-09-30 12:02:01,891 - views.main_view - INFO - Botón 'img/b8.png' no encontrado. Mejor coincidencia: 0.60 (Intento 25)
2025-09-30 12:02:03,700 - views.main_view - INFO - Botón 'img/b8.png' no encontrado. Mejor coincidencia: 0.60 (Intento 26)
2025-09-30 12:02:05,556 - views.main_view - INFO - Botón 'img/b8.png' no encontrado. Mejor coincidencia: 0.60 (Intento 27)
2025-09-30 12:02:07,376 - views.main_view - INFO - Botón 'img/b8.png' no encontrado. Mejor coincidencia: 0.60 (Intento 28)
2025-09-30 12:02:09,179 - views.main_view - INFO - Botón 'img/b8.png' no encontrado. Mejor coincidencia: 0.60 (Intento 29)
2025-09-30 12:02:10,977 - views.main_view - INFO - Botón 'img/b8.png' no encontrado. Mejor coincidencia: 0.60 (Intento 30)
2025-09-30 12:02:11,256 - models.image_search_model - INFO - Intento 30: Mejor coincidencia: 0.60
2025-09-30 12:02:21,273 - views.main_view - INFO - Botón 'img/b8.png' no encontrado. Mejor coincidencia: 0.60 (Intento 31)
2025-09-30 12:02:23,100 - views.main_view - INFO - Botón 'img/b8.png' no encontrado. Mejor coincidencia: 0.60 (Intento 32)
2025-09-30 12:02:24,935 - views.main_view - INFO - Botón 'img/b8.png' no encontrado. Mejor coincidencia: 0.60 (Intento 33)
2025-09-30 12:02:26,731 - views.main_view - INFO - Botón 'img/b8.png' no encontrado. Mejor coincidencia: 0.60 (Intento 34)
2025-09-30 12:02:28,586 - views.main_view - INFO - Botón 'img/b8.png' no encontrado. Mejor coincidencia: 0.60 (Intento 35)
2025-09-30 12:02:30,391 - views.main_view - INFO - Botón 'img/b8.png' no encontrado. Mejor coincidencia: 0.60 (Intento 36)
2025-09-30 12:02:32,228 - views.main_view - INFO - Botón 'img/b8.png' no encontrado. Mejor coincidencia: 0.60 (Intento 37)
2025-09-30 12:02:34,056 - views.main_view - INFO - Botón 'img/b8.png' no encontrado. Mejor coincidencia: 0.60 (Intento 38)
2025-09-30 12:02:35,854 - views.main_view - INFO - Botón 'img/b8.png' no encontrado. Mejor coincidencia: 0.60 (Intento 39)
2025-09-30 12:02:37,667 - views.main_view - INFO - Botón 'img/b8.png' no encontrado. Mejor coincidencia: 0.60 (Intento 40)
2025-09-30 12:02:37,969 - models.image_search_model - INFO - Intento 40: Mejor coincidencia: 0.60
2025-09-30 12:02:47,974 - views.main_view - INFO - Botón 'img/b8.png' no encontrado. Mejor coincidencia: 0.60 (Intento 41)
2025-09-30 12:02:49,759 - views.main_view - INFO - Botón 'img/b8.png' no encontrado. Mejor coincidencia: 0.60 (Intento 42)
2025-09-30 12:02:51,560 - views.main_view - INFO - Botón 'img/b8.png' no encontrado. Mejor coincidencia: 0.60 (Intento 43)
2025-09-30 12:02:53,361 - views.main_view - INFO - Botón 'img/b8.png' no encontrado. Mejor coincidencia: 0.60 (Intento 44)
2025-09-30 12:02:55,181 - views.main_view - INFO - Botón 'img/b8.png' no encontrado. Mejor coincidencia: 0.60 (Intento 45)
2025-09-30 12:02:57,000 - views.main_view - INFO - Botón 'img/b8.png' no encontrado. Mejor coincidencia: 0.60 (Intento 46)
2025-09-30 12:02:58,800 - views.main_view - INFO - Botón 'img/b8.png' no encontrado. Mejor coincidencia: 0.60 (Intento 47)
2025-09-30 12:03:00,669 - views.main_view - INFO - Botón 'img/b8.png' no encontrado. Mejor coincidencia: 0.60 (Intento 48)
2025-09-30 12:03:02,497 - views.main_view - INFO - Botón 'img/b8.png' no encontrado. Mejor coincidencia: 0.60 (Intento 49)
2025-09-30 12:03:04,309 - views.main_view - INFO - Botón 'img/b8.png' no encontrado. Mejor coincidencia: 0.60 (Intento 50)
2025-09-30 12:03:04,628 - models.image_search_model - INFO - Intento 50: Mejor coincidencia: 0.60
2025-09-30 12:03:14,643 - views.main_view - INFO - Botón 'img/b8.png' no encontrado. Mejor coincidencia: 0.60 (Intento 51)
2025-09-30 12:03:16,457 - views.main_view - INFO - Botón 'img/b8.png' no encontrado. Mejor coincidencia: 0.60 (Intento 52)
2025-09-30 12:03:18,288 - views.main_view - INFO - Botón 'img/b8.png' no encontrado. Mejor coincidencia: 0.60 (Intento 53)
2025-09-30 12:03:20,130 - views.main_view - INFO - Botón 'img/b8.png' no encontrado. Mejor coincidencia: 0.60 (Intento 54)
2025-09-30 12:03:21,942 - views.main_view - INFO - Botón 'img/b8.png' no encontrado. Mejor coincidencia: 0.60 (Intento 55)
2025-09-30 12:03:23,716 - views.main_view - INFO - Botón 'img/b8.png' no encontrado. Mejor coincidencia: 0.60 (Intento 56)
2025-09-30 12:03:25,503 - views.main_view - INFO - Botón 'img/b8.png' no encontrado. Mejor coincidencia: 0.60 (Intento 57)
2025-09-30 12:03:27,327 - views.main_view - INFO - Botón 'img/b8.png' no encontrado. Mejor coincidencia: 0.60 (Intento 58)
2025-09-30 12:03:29,178 - views.main_view - INFO - Botón 'img/b8.png' no encontrado. Mejor coincidencia: 0.60 (Intento 59)
2025-09-30 12:03:30,989 - views.main_view - INFO - Botón 'img/b8.png' no encontrado. Mejor coincidencia: 0.60 (Intento 60)
2025-09-30 12:03:31,281 - models.image_search_model - INFO - Intento 60: Mejor coincidencia: 0.60
2025-09-30 12:03:41,298 - views.main_view - INFO - Botón 'img/b8.png' no encontrado. Mejor coincidencia: 0.60 (Intento 61)
2025-09-30 12:03:43,135 - views.main_view - INFO - Botón 'img/b8.png' no encontrado. Mejor coincidencia: 0.60 (Intento 62)
2025-09-30 12:03:44,983 - views.main_view - INFO - Botón 'img/b8.png' no encontrado. Mejor coincidencia: 0.60 (Intento 63)
2025-09-30 12:03:46,769 - views.main_view - INFO - Botón 'img/b8.png' no encontrado. Mejor coincidencia: 0.60 (Intento 64)
2025-09-30 12:03:48,594 - views.main_view - INFO - Botón 'img/b8.png' no encontrado. Mejor coincidencia: 0.60 (Intento 65)
2025-09-30 12:03:50,399 - views.main_view - INFO - Botón 'img/b8.png' no encontrado. Mejor coincidencia: 0.60 (Intento 66)
2025-09-30 12:03:52,188 - views.main_view - INFO - Botón 'img/b8.png' no encontrado. Mejor coincidencia: 0.60 (Intento 67)
2025-09-30 12:03:53,983 - views.main_view - INFO - Botón 'img/b8.png' no encontrado. Mejor coincidencia: 0.60 (Intento 68)
2025-09-30 12:03:55,772 - views.main_view - INFO - Botón 'img/b8.png' no encontrado. Mejor coincidencia: 0.60 (Intento 69)
2025-09-30 12:03:57,574 - views.main_view - INFO - Botón 'img/b8.png' no encontrado. Mejor coincidencia: 0.60 (Intento 70)
2025-09-30 12:03:57,914 - models.image_search_model - INFO - Intento 70: Mejor coincidencia: 0.60
2025-09-30 12:04:07,930 - views.main_view - INFO - Botón 'img/b8.png' no encontrado. Mejor coincidencia: 0.60 (Intento 71)
2025-09-30 12:04:09,721 - views.main_view - INFO - Botón 'img/b8.png' no encontrado. Mejor coincidencia: 0.60 (Intento 72)
2025-09-30 12:04:11,536 - views.main_view - INFO - Botón 'img/b8.png' no encontrado. Mejor coincidencia: 0.60 (Intento 73)
2025-09-30 12:04:13,327 - views.main_view - INFO - Botón 'img/b8.png' no encontrado. Mejor coincidencia: 0.60 (Intento 74)
2025-09-30 12:04:15,142 - views.main_view - INFO - Botón 'img/b8.png' no encontrado. Mejor coincidencia: 0.60 (Intento 75)
2025-09-30 12:04:16,925 - views.main_view - INFO - Botón 'img/b8.png' no encontrado. Mejor coincidencia: 0.60 (Intento 76)
2025-09-30 12:04:18,718 - views.main_view - INFO - Botón 'img/b8.png' no encontrado. Mejor coincidencia: 0.60 (Intento 77)
2025-09-30 12:04:20,533 - views.main_view - INFO - Botón 'img/b8.png' no encontrado. Mejor coincidencia: 0.60 (Intento 78)
2025-09-30 12:04:22,318 - views.main_view - INFO - Botón 'img/b8.png' no encontrado. Mejor coincidencia: 0.60 (Intento 79)
2025-09-30 12:04:24,148 - views.main_view - INFO - Botón 'img/b8.png' no encontrado. Mejor coincidencia: 0.60 (Intento 80)
2025-09-30 12:04:24,447 - models.image_search_model - INFO - Intento 80: Mejor coincidencia: 0.60
2025-09-30 12:04:34,465 - views.main_view - INFO - Botón 'img/b8.png' no encontrado. Mejor coincidencia: 0.60 (Intento 81)
2025-09-30 12:04:36,289 - views.main_view - INFO - Botón 'img/b8.png' no encontrado. Mejor coincidencia: 0.60 (Intento 82)
2025-09-30 12:04:38,103 - views.main_view - INFO - Botón 'img/b8.png' no encontrado. Mejor coincidencia: 0.60 (Intento 83)
2025-09-30 12:04:39,905 - views.main_view - INFO - Botón 'img/b8.png' no encontrado. Mejor coincidencia: 0.60 (Intento 84)
2025-09-30 12:04:41,707 - views.main_view - INFO - Botón 'img/b8.png' no encontrado. Mejor coincidencia: 0.60 (Intento 85)
2025-09-30 12:04:43,518 - views.main_view - INFO - Botón 'img/b8.png' no encontrado. Mejor coincidencia: 0.60 (Intento 86)
2025-09-30 12:04:45,322 - views.main_view - INFO - Botón 'img/b8.png' no encontrado. Mejor coincidencia: 0.60 (Intento 87)
2025-09-30 12:04:47,109 - views.main_view - INFO - Botón 'img/b8.png' no encontrado. Mejor coincidencia: 0.60 (Intento 88)
2025-09-30 12:04:48,903 - views.main_view - INFO - Botón 'img/b8.png' no encontrado. Mejor coincidencia: 0.60 (Intento 89)
2025-09-30 12:04:50,704 - views.main_view - INFO - Botón 'img/b8.png' no encontrado. Mejor coincidencia: 0.60 (Intento 90)
2025-09-30 12:04:50,995 - models.image_search_model - INFO - Intento 90: Mejor coincidencia: 0.60
2025-09-30 12:05:01,000 - views.main_view - INFO - Botón 'img/b8.png' no encontrado. Mejor coincidencia: 0.60 (Intento 91)
2025-09-30 12:05:02,807 - views.main_view - INFO - Botón 'img/b8.png' no encontrado. Mejor coincidencia: 0.60 (Intento 92)
2025-09-30 12:05:04,601 - views.main_view - INFO - Botón 'img/b8.png' no encontrado. Mejor coincidencia: 0.60 (Intento 93)
2025-09-30 12:05:06,418 - views.main_view - INFO - Botón 'img/b8.png' no encontrado. Mejor coincidencia: 0.60 (Intento 94)
2025-09-30 12:05:08,231 - views.main_view - INFO - Botón 'img/b8.png' no encontrado. Mejor coincidencia: 0.60 (Intento 95)
2025-09-30 12:05:10,053 - views.main_view - INFO - Botón 'img/b8.png' no encontrado. Mejor coincidencia: 0.60 (Intento 96)
2025-09-30 12:05:11,861 - views.main_view - INFO - Botón 'img/b8.png' no encontrado. Mejor coincidencia: 0.60 (Intento 97)
2025-09-30 12:05:13,684 - views.main_view - INFO - Botón 'img/b8.png' no encontrado. Mejor coincidencia: 0.60 (Intento 98)
2025-09-30 12:05:15,526 - views.main_view - INFO - Botón 'img/b8.png' no encontrado. Mejor coincidencia: 0.60 (Intento 99)
2025-09-30 12:05:17,318 - views.main_view - INFO - Botón 'img/b8.png' no encontrado. Mejor coincidencia: 0.60 (Intento 100)
2025-09-30 12:05:17,583 - models.image_search_model - INFO - Intento 100: Mejor coincidencia: 0.60
2025-09-30 12:05:27,600 - views.main_view - INFO - Botón 'img/b8.png' no encontrado. Mejor coincidencia: 0.60 (Intento 101)
2025-09-30 12:05:29,414 - views.main_view - INFO - Botón 'img/b8.png' no encontrado. Mejor coincidencia: 0.60 (Intento 102)
2025-09-30 12:05:31,226 - views.main_view - INFO - Botón 'img/b8.png' no encontrado. Mejor coincidencia: 0.60 (Intento 103)
2025-09-30 12:05:33,041 - views.main_view - INFO - Botón 'img/b8.png' no encontrado. Mejor coincidencia: 0.60 (Intento 104)
2025-09-30 12:05:34,856 - views.main_view - INFO - Botón 'img/b8.png' no encontrado. Mejor coincidencia: 0.60 (Intento 105)
2025-09-30 12:05:36,680 - views.main_view - INFO - Botón 'img/b8.png' no encontrado. Mejor coincidencia: 0.60 (Intento 106)
2025-09-30 12:05:38,486 - views.main_view - INFO - Botón 'img/b8.png' no encontrado. Mejor coincidencia: 0.60 (Intento 107)
2025-09-30 12:05:40,310 - views.main_view - INFO - Botón 'img/b8.png' no encontrado. Mejor coincidencia: 0.60 (Intento 108)
2025-09-30 12:05:42,128 - views.main_view - INFO - Botón 'img/b8.png' no encontrado. Mejor coincidencia: 0.60 (Intento 109)
2025-09-30 12:05:43,956 - views.main_view - INFO - Botón 'img/b8.png' no encontrado. Mejor coincidencia: 0.60 (Intento 110)
2025-09-30 12:05:44,225 - models.image_search_model - INFO - Intento 110: Mejor coincidencia: 0.60
2025-09-30 12:05:54,234 - views.main_view - INFO - Botón 'img/b8.png' no encontrado. Mejor coincidencia: 0.60 (Intento 111)
2025-09-30 12:05:56,017 - views.main_view - INFO - Botón 'img/b8.png' no encontrado. Mejor coincidencia: 0.60 (Intento 112)
2025-09-30 12:05:57,791 - views.main_view - INFO - Botón 'img/b8.png' no encontrado. Mejor coincidencia: 0.60 (Intento 113)
2025-09-30 12:05:59,582 - views.main_view - INFO - Botón 'img/b8.png' no encontrado. Mejor coincidencia: 0.60 (Intento 114)
2025-09-30 12:06:01,380 - views.main_view - INFO - Botón 'img/b8.png' no encontrado. Mejor coincidencia: 0.60 (Intento 115)
2025-09-30 12:06:03,175 - views.main_view - INFO - Botón 'img/b8.png' no encontrado. Mejor coincidencia: 0.60 (Intento 116)
2025-09-30 12:06:04,998 - views.main_view - INFO - Botón 'img/b8.png' no encontrado. Mejor coincidencia: 0.60 (Intento 117)
2025-09-30 12:06:06,807 - views.main_view - INFO - Botón 'img/b8.png' no encontrado. Mejor coincidencia: 0.60 (Intento 118)
2025-09-30 12:06:08,619 - views.main_view - INFO - Botón 'img/b8.png' no encontrado. Mejor coincidencia: 0.60 (Intento 119)
2025-09-30 12:06:10,402 - views.main_view - INFO - Botón 'img/b8.png' no encontrado. Mejor coincidencia: 0.60 (Intento 120)
2025-09-30 12:06:10,691 - models.image_search_model - INFO - Intento 120: Mejor coincidencia: 0.60
2025-09-30 12:06:20,708 - views.main_view - INFO - Botón 'img/b8.png' no encontrado. Mejor coincidencia: 0.60 (Intento 121)
2025-09-30 12:06:22,562 - views.main_view - INFO - Botón 'img/b8.png' no encontrado. Mejor coincidencia: 0.60 (Intento 122)
2025-09-30 12:06:24,372 - views.main_view - INFO - Botón 'img/b8.png' no encontrado. Mejor coincidencia: 0.60 (Intento 123)
2025-09-30 12:06:26,228 - views.main_view - INFO - Botón 'img/b8.png' no encontrado. Mejor coincidencia: 0.60 (Intento 124)
2025-09-30 12:06:28,055 - views.main_view - INFO - Botón 'img/b8.png' no encontrado. Mejor coincidencia: 0.60 (Intento 125)
2025-09-30 12:06:29,876 - views.main_view - INFO - Botón 'img/b8.png' no encontrado. Mejor coincidencia: 0.60 (Intento 126)
2025-09-30 12:06:31,702 - views.main_view - INFO - Botón 'img/b8.png' no encontrado. Mejor coincidencia: 0.60 (Intento 127)
2025-09-30 12:06:33,498 - views.main_view - INFO - Botón 'img/b8.png' no encontrado. Mejor coincidencia: 0.60 (Intento 128)
2025-09-30 12:06:35,305 - views.main_view - INFO - Botón 'img/b8.png' no encontrado. Mejor coincidencia: 0.60 (Intento 129)
2025-09-30 12:06:37,110 - views.main_view - INFO - Botón 'img/b8.png' no encontrado. Mejor coincidencia: 0.60 (Intento 130)
2025-09-30 12:06:37,390 - models.image_search_model - INFO - Intento 130: Mejor coincidencia: 0.60
2025-09-30 12:06:47,407 - views.main_view - INFO - Botón 'img/b8.png' no encontrado. Mejor coincidencia: 0.60 (Intento 131)
2025-09-30 12:06:49,189 - views.main_view - INFO - Botón 'img/b8.png' no encontrado. Mejor coincidencia: 0.60 (Intento 132)
2025-09-30 12:06:51,041 - views.main_view - INFO - Botón 'img/b8.png' no encontrado. Mejor coincidencia: 0.60 (Intento 133)
2025-09-30 12:06:52,830 - views.main_view - INFO - Botón 'img/b8.png' no encontrado. Mejor coincidencia: 0.60 (Intento 134)
2025-09-30 12:06:54,623 - views.main_view - INFO - Botón 'img/b8.png' no encontrado. Mejor coincidencia: 0.60 (Intento 135)
2025-09-30 12:06:56,429 - views.main_view - INFO - Botón 'img/b8.png' no encontrado. Mejor coincidencia: 0.60 (Intento 136)
2025-09-30 12:06:58,237 - views.main_view - INFO - Botón 'img/b8.png' no encontrado. Mejor coincidencia: 0.60 (Intento 137)
2025-09-30 12:07:00,083 - views.main_view - INFO - Botón 'img/b8.png' no encontrado. Mejor coincidencia: 0.60 (Intento 138)
2025-09-30 12:07:01,865 - views.main_view - INFO - Botón 'img/b8.png' no encontrado. Mejor coincidencia: 0.60 (Intento 139)
2025-09-30 12:07:03,683 - views.main_view - INFO - Botón 'img/b8.png' no encontrado. Mejor coincidencia: 0.60 (Intento 140)
2025-09-30 12:07:03,978 - models.image_search_model - INFO - Intento 140: Mejor coincidencia: 0.60
2025-09-30 12:07:13,995 - views.main_view - INFO - Botón 'img/b8.png' no encontrado. Mejor coincidencia: 0.60 (Intento 141)
2025-09-30 12:07:15,814 - views.main_view - INFO - Botón 'img/b8.png' no encontrado. Mejor coincidencia: 0.60 (Intento 142)
2025-09-30 12:07:17,612 - views.main_view - INFO - Botón 'img/b8.png' no encontrado. Mejor coincidencia: 0.60 (Intento 143)
2025-09-30 12:07:19,433 - views.main_view - INFO - Botón 'img/b8.png' no encontrado. Mejor coincidencia: 0.60 (Intento 144)
2025-09-30 12:07:21,243 - views.main_view - INFO - Botón 'img/b8.png' no encontrado. Mejor coincidencia: 0.60 (Intento 145)
2025-09-30 12:07:23,079 - views.main_view - INFO - Botón 'img/b8.png' no encontrado. Mejor coincidencia: 0.60 (Intento 146)
2025-09-30 12:07:24,868 - views.main_view - INFO - Botón 'img/b8.png' no encontrado. Mejor coincidencia: 0.60 (Intento 147)
2025-09-30 12:07:26,668 - views.main_view - INFO - Botón 'img/b8.png' no encontrado. Mejor coincidencia: 0.60 (Intento 148)
2025-09-30 12:07:28,460 - views.main_view - INFO - Botón 'img/b8.png' no encontrado. Mejor coincidencia: 0.60 (Intento 149)
2025-09-30 12:07:30,292 - views.main_view - INFO - Botón 'img/b8.png' no encontrado. Mejor coincidencia: 0.60 (Intento 150)
2025-09-30 12:07:30,580 - models.image_search_model - INFO - Intento 150: Mejor coincidencia: 0.60
2025-09-30 12:07:40,597 - views.main_view - INFO - Botón 'img/b8.png' no encontrado. Mejor coincidencia: 0.60 (Intento 151)
2025-09-30 12:07:42,391 - views.main_view - INFO - Botón 'img/b8.png' no encontrado. Mejor coincidencia: 0.60 (Intento 152)
2025-09-30 12:07:44,212 - views.main_view - INFO - Botón 'img/b8.png' no encontrado. Mejor coincidencia: 0.60 (Intento 153)
2025-09-30 12:07:46,023 - views.main_view - INFO - Botón 'img/b8.png' no encontrado. Mejor coincidencia: 0.60 (Intento 154)
2025-09-30 12:07:47,837 - views.main_view - INFO - Botón 'img/b8.png' no encontrado. Mejor coincidencia: 0.60 (Intento 155)
2025-09-30 12:07:49,640 - views.main_view - INFO - Botón 'img/b8.png' no encontrado. Mejor coincidencia: 0.60 (Intento 156)
2025-09-30 12:07:51,495 - views.main_view - INFO - Botón 'img/b8.png' no encontrado. Mejor coincidencia: 0.60 (Intento 157)
2025-09-30 12:07:53,370 - views.main_view - INFO - Botón 'img/b8.png' no encontrado. Mejor coincidencia: 0.60 (Intento 158)
2025-09-30 12:07:55,148 - views.main_view - INFO - Botón 'img/b8.png' no encontrado. Mejor coincidencia: 0.60 (Intento 159)
2025-09-30 12:07:56,932 - views.main_view - INFO - Botón 'img/b8.png' no encontrado. Mejor coincidencia: 0.60 (Intento 160)
2025-09-30 12:07:57,208 - models.image_search_model - INFO - Intento 160: Mejor coincidencia: 0.60
2025-09-30 12:08:07,225 - views.main_view - INFO - Botón 'img/b8.png' no encontrado. Mejor coincidencia: 0.60 (Intento 161)
2025-09-30 12:08:09,043 - views.main_view - INFO - Botón 'img/b8.png' no encontrado. Mejor coincidencia: 0.60 (Intento 162)
2025-09-30 12:08:10,869 - views.main_view - INFO - Botón 'img/b8.png' no encontrado. Mejor coincidencia: 0.60 (Intento 163)
2025-09-30 12:08:12,676 - views.main_view - INFO - Botón 'img/b8.png' no encontrado. Mejor coincidencia: 0.60 (Intento 164)
2025-09-30 12:08:14,494 - views.main_view - INFO - Botón 'img/b8.png' no encontrado. Mejor coincidencia: 0.60 (Intento 165)
2025-09-30 12:08:16,278 - views.main_view - INFO - Botón 'img/b8.png' no encontrado. Mejor coincidencia: 0.60 (Intento 166)
2025-09-30 12:08:18,098 - views.main_view - INFO - Botón 'img/b8.png' no encontrado. Mejor coincidencia: 0.60 (Intento 167)
2025-09-30 12:08:19,891 - views.main_view - INFO - Botón 'img/b8.png' no encontrado. Mejor coincidencia: 0.60 (Intento 168)
2025-09-30 12:08:21,679 - views.main_view - INFO - Botón 'img/b8.png' no encontrado. Mejor coincidencia: 0.60 (Intento 169)
2025-09-30 12:08:23,495 - views.main_view - INFO - Botón 'img/b8.png' no encontrado. Mejor coincidencia: 0.60 (Intento 170)
2025-09-30 12:08:23,790 - models.image_search_model - INFO - Intento 170: Mejor coincidencia: 0.60
2025-09-30 12:08:33,807 - views.main_view - INFO - Botón 'img/b8.png' no encontrado. Mejor coincidencia: 0.60 (Intento 171)
2025-09-30 12:08:35,584 - views.main_view - INFO - Botón 'img/b8.png' no encontrado. Mejor coincidencia: 0.60 (Intento 172)
2025-09-30 12:08:37,385 - views.main_view - INFO - Botón 'img/b8.png' no encontrado. Mejor coincidencia: 0.60 (Intento 173)
2025-09-30 12:08:39,195 - views.main_view - INFO - Botón 'img/b8.png' no encontrado. Mejor coincidencia: 0.60 (Intento 174)
2025-09-30 12:08:41,011 - views.main_view - INFO - Botón 'img/b8.png' no encontrado. Mejor coincidencia: 0.60 (Intento 175)
2025-09-30 12:08:42,844 - views.main_view - INFO - Botón 'img/b8.png' no encontrado. Mejor coincidencia: 0.60 (Intento 176)
2025-09-30 12:08:44,632 - views.main_view - INFO - Botón 'img/b8.png' no encontrado. Mejor coincidencia: 0.60 (Intento 177)
2025-09-30 12:08:46,468 - views.main_view - INFO - Botón 'img/b8.png' no encontrado. Mejor coincidencia: 0.60 (Intento 178)
2025-09-30 12:08:48,265 - views.main_view - INFO - Botón 'img/b8.png' no encontrado. Mejor coincidencia: 0.60 (Intento 179)
2025-09-30 12:08:50,072 - views.main_view - INFO - Botón 'img/b8.png' no encontrado. Mejor coincidencia: 0.60 (Intento 180)
2025-09-30 12:08:50,378 - models.image_search_model - INFO - Intento 180: Mejor coincidencia: 0.60
2025-09-30 12:09:00,382 - views.main_view - INFO - Botón 'img/b8.png' no encontrado. Mejor coincidencia: 0.60 (Intento 181)
2025-09-30 12:09:02,166 - views.main_view - INFO - Botón 'img/b8.png' no encontrado. Mejor coincidencia: 0.60 (Intento 182)
2025-09-30 12:09:03,964 - views.main_view - INFO - Botón 'img/b8.png' no encontrado. Mejor coincidencia: 0.60 (Intento 183)
2025-09-30 12:09:05,801 - views.main_view - INFO - Botón 'img/b8.png' no encontrado. Mejor coincidencia: 0.60 (Intento 184)
2025-09-30 12:09:07,621 - views.main_view - INFO - Botón 'img/b8.png' no encontrado. Mejor coincidencia: 0.60 (Intento 185)
2025-09-30 12:09:09,429 - views.main_view - INFO - Botón 'img/b8.png' no encontrado. Mejor coincidencia: 0.60 (Intento 186)
2025-09-30 12:09:11,231 - views.main_view - INFO - Botón 'img/b8.png' no encontrado. Mejor coincidencia: 0.60 (Intento 187)
2025-09-30 12:09:13,009 - views.main_view - INFO - Botón 'img/b8.png' no encontrado. Mejor coincidencia: 0.60 (Intento 188)
2025-09-30 12:09:14,809 - views.main_view - INFO - Botón 'img/b8.png' no encontrado. Mejor coincidencia: 0.60 (Intento 189)
2025-09-30 12:09:16,640 - views.main_view - INFO - Botón 'img/b8.png' no encontrado. Mejor coincidencia: 0.60 (Intento 190)
2025-09-30 12:09:16,995 - models.image_search_model - INFO - Intento 190: Mejor coincidencia: 0.60
2025-09-30 12:09:27,013 - views.main_view - INFO - Botón 'img/b8.png' no encontrado. Mejor coincidencia: 0.60 (Intento 191)
2025-09-30 12:09:28,832 - views.main_view - INFO - Botón 'img/b8.png' no encontrado. Mejor coincidencia: 0.60 (Intento 192)
2025-09-30 12:09:30,670 - views.main_view - INFO - Botón 'img/b8.png' no encontrado. Mejor coincidencia: 0.60 (Intento 193)
2025-09-30 12:09:32,486 - views.main_view - INFO - Botón 'img/b8.png' no encontrado. Mejor coincidencia: 0.60 (Intento 194)
2025-09-30 12:09:34,310 - views.main_view - INFO - Botón 'img/b8.png' no encontrado. Mejor coincidencia: 0.60 (Intento 195)
2025-09-30 12:09:36,110 - views.main_view - INFO - Botón 'img/b8.png' no encontrado. Mejor coincidencia: 0.60 (Intento 196)
2025-09-30 12:09:37,922 - views.main_view - INFO - Botón 'img/b8.png' no encontrado. Mejor coincidencia: 0.60 (Intento 197)
2025-09-30 12:09:39,780 - views.main_view - INFO - Botón 'img/b8.png' no encontrado. Mejor coincidencia: 0.60 (Intento 198)
2025-09-30 12:09:41,598 - views.main_view - INFO - Botón 'img/b8.png' no encontrado. Mejor coincidencia: 0.60 (Intento 199)
2025-09-30 12:09:43,389 - views.main_view - INFO - Botón 'img/b8.png' no encontrado. Mejor coincidencia: 0.60 (Intento 200)
2025-09-30 12:09:43,671 - models.image_search_model - INFO - Intento 200: Mejor coincidencia: 0.60
2025-09-30 12:09:53,688 - views.main_view - INFO - Botón 'img/b8.png' no encontrado. Mejor coincidencia: 0.60 (Intento 201)
2025-09-30 12:09:55,488 - views.main_view - INFO - Botón 'img/b8.png' no encontrado. Mejor coincidencia: 0.60 (Intento 202)
2025-09-30 12:09:57,313 - views.main_view - INFO - Botón 'img/b8.png' no encontrado. Mejor coincidencia: 0.60 (Intento 203)
2025-09-30 12:09:59,160 - views.main_view - INFO - Botón 'img/b8.png' no encontrado. Mejor coincidencia: 0.60 (Intento 204)
2025-09-30 12:10:00,986 - views.main_view - INFO - Botón 'img/b8.png' no encontrado. Mejor coincidencia: 0.60 (Intento 205)
2025-09-30 12:10:02,809 - views.main_view - INFO - Botón 'img/b8.png' no encontrado. Mejor coincidencia: 0.60 (Intento 206)
2025-09-30 12:10:04,619 - views.main_view - INFO - Botón 'img/b8.png' no encontrado. Mejor coincidencia: 0.60 (Intento 207)
2025-09-30 12:10:06,422 - views.main_view - INFO - Botón 'img/b8.png' no encontrado. Mejor coincidencia: 0.60 (Intento 208)
2025-09-30 12:10:08,222 - views.main_view - INFO - Botón 'img/b8.png' no encontrado. Mejor coincidencia: 0.60 (Intento 209)
2025-09-30 12:10:10,021 - views.main_view - INFO - Botón 'img/b8.png' no encontrado. Mejor coincidencia: 0.60 (Intento 210)
2025-09-30 12:10:10,328 - models.image_search_model - INFO - Intento 210: Mejor coincidencia: 0.60
2025-09-30 12:10:20,345 - views.main_view - INFO - Botón 'img/b8.png' no encontrado. Mejor coincidencia: 0.60 (Intento 211)
2025-09-30 12:10:22,139 - views.main_view - INFO - Botón 'img/b8.png' no encontrado. Mejor coincidencia: 0.60 (Intento 212)
2025-09-30 12:10:23,935 - views.main_view - INFO - Botón 'img/b8.png' no encontrado. Mejor coincidencia: 0.60 (Intento 213)
2025-09-30 12:10:25,777 - views.main_view - INFO - Botón 'img/b8.png' no encontrado. Mejor coincidencia: 0.60 (Intento 214)
2025-09-30 12:10:27,575 - views.main_view - INFO - Botón 'img/b8.png' no encontrado. Mejor coincidencia: 0.60 (Intento 215)
2025-09-30 12:10:29,446 - views.main_view - INFO - Botón 'img/b8.png' no encontrado. Mejor coincidencia: 0.60 (Intento 216)
2025-09-30 12:10:31,251 - views.main_view - INFO - Botón 'img/b8.png' no encontrado. Mejor coincidencia: 0.60 (Intento 217)
2025-09-30 12:10:33,080 - views.main_view - INFO - Botón 'img/b8.png' no encontrado. Mejor coincidencia: 0.60 (Intento 218)
2025-09-30 12:10:34,889 - views.main_view - INFO - Botón 'img/b8.png' no encontrado. Mejor coincidencia: 0.60 (Intento 219)
2025-09-30 12:10:36,697 - views.main_view - INFO - Botón 'img/b8.png' no encontrado. Mejor coincidencia: 0.60 (Intento 220)
2025-09-30 12:10:36,997 - models.image_search_model - INFO - Intento 220: Mejor coincidencia: 0.60
2025-09-30 12:10:47,014 - views.main_view - INFO - Botón 'img/b8.png' no encontrado. Mejor coincidencia: 0.60 (Intento 221)
2025-09-30 12:10:48,847 - views.main_view - INFO - Botón 'img/b8.png' no encontrado. Mejor coincidencia: 0.60 (Intento 222)
2025-09-30 12:10:50,676 - views.main_view - INFO - Botón 'img/b8.png' no encontrado. Mejor coincidencia: 0.60 (Intento 223)
2025-09-30 12:10:52,526 - views.main_view - INFO - Botón 'img/b8.png' no encontrado. Mejor coincidencia: 0.60 (Intento 224)
2025-09-30 12:10:54,399 - views.main_view - INFO - Botón 'img/b8.png' no encontrado. Mejor coincidencia: 0.60 (Intento 225)
2025-09-30 12:10:56,232 - views.main_view - INFO - Botón 'img/b8.png' no encontrado. Mejor coincidencia: 0.60 (Intento 226)
2025-09-30 12:10:58,047 - views.main_view - INFO - Botón 'img/b8.png' no encontrado. Mejor coincidencia: 0.60 (Intento 227)
2025-09-30 12:10:59,866 - views.main_view - INFO - Botón 'img/b8.png' no encontrado. Mejor coincidencia: 0.60 (Intento 228)
2025-09-30 12:11:01,678 - views.main_view - INFO - Botón 'img/b8.png' no encontrado. Mejor coincidencia: 0.60 (Intento 229)
2025-09-30 12:11:03,511 - views.main_view - INFO - Botón 'img/b8.png' no encontrado. Mejor coincidencia: 0.60 (Intento 230)
2025-09-30 12:11:03,812 - models.image_search_model - INFO - Intento 230: Mejor coincidencia: 0.60
2025-09-30 12:11:13,830 - views.main_view - INFO - Botón 'img/b8.png' no encontrado. Mejor coincidencia: 0.60 (Intento 231)
2025-09-30 12:11:15,666 - views.main_view - INFO - Botón 'img/b8.png' no encontrado. Mejor coincidencia: 0.60 (Intento 232)
2025-09-30 12:11:17,496 - views.main_view - INFO - Botón 'img/b8.png' no encontrado. Mejor coincidencia: 0.60 (Intento 233)
2025-09-30 12:11:19,312 - views.main_view - INFO - Botón 'img/b8.png' no encontrado. Mejor coincidencia: 0.60 (Intento 234)
2025-09-30 12:11:21,144 - views.main_view - INFO - Botón 'img/b8.png' no encontrado. Mejor coincidencia: 0.60 (Intento 235)
2025-09-30 12:11:22,964 - views.main_view - INFO - Botón 'img/b8.png' no encontrado. Mejor coincidencia: 0.60 (Intento 236)
2025-09-30 12:11:24,755 - views.main_view - INFO - Botón 'img/b8.png' no encontrado. Mejor coincidencia: 0.60 (Intento 237)
2025-09-30 12:11:26,576 - views.main_view - INFO - Botón 'img/b8.png' no encontrado. Mejor coincidencia: 0.60 (Intento 238)
2025-09-30 12:11:28,422 - views.main_view - INFO - Botón 'img/b8.png' no encontrado. Mejor coincidencia: 0.60 (Intento 239)
2025-09-30 12:11:30,229 - views.main_view - INFO - Botón 'img/b8.png' no encontrado. Mejor coincidencia: 0.60 (Intento 240)
2025-09-30 12:11:30,540 - models.image_search_model - INFO - Intento 240: Mejor coincidencia: 0.60
2025-09-30 12:11:40,558 - views.main_view - INFO - Botón 'img/b8.png' no encontrado. Mejor coincidencia: 0.60 (Intento 241)
2025-09-30 12:11:42,397 - views.main_view - INFO - Botón 'img/b8.png' no encontrado. Mejor coincidencia: 0.60 (Intento 242)
2025-09-30 12:11:44,203 - views.main_view - INFO - Botón 'img/b8.png' no encontrado. Mejor coincidencia: 0.60 (Intento 243)
2025-09-30 12:11:46,039 - views.main_view - INFO - Botón 'img/b8.png' no encontrado. Mejor coincidencia: 0.60 (Intento 244)
2025-09-30 12:11:47,834 - views.main_view - INFO - Botón 'img/b8.png' no encontrado. Mejor coincidencia: 0.60 (Intento 245)
2025-09-30 12:11:49,624 - views.main_view - INFO - Botón 'img/b8.png' no encontrado. Mejor coincidencia: 0.60 (Intento 246)
2025-09-30 12:11:51,460 - views.main_view - INFO - Botón 'img/b8.png' no encontrado. Mejor coincidencia: 0.60 (Intento 247)
2025-09-30 12:11:53,269 - views.main_view - INFO - Botón 'img/b8.png' no encontrado. Mejor coincidencia: 0.60 (Intento 248)
2025-09-30 12:11:55,081 - views.main_view - INFO - Botón 'img/b8.png' no encontrado. Mejor coincidencia: 0.60 (Intento 249)
2025-09-30 12:11:56,887 - views.main_view - INFO - Botón 'img/b8.png' no encontrado. Mejor coincidencia: 0.60 (Intento 250)
2025-09-30 12:11:57,185 - models.image_search_model - INFO - Intento 250: Mejor coincidencia: 0.60
2025-09-30 12:12:07,194 - views.main_view - INFO - Botón 'img/b8.png' no encontrado. Mejor coincidencia: 0.60 (Intento 251)
2025-09-30 12:12:09,027 - views.main_view - INFO - Botón 'img/b8.png' no encontrado. Mejor coincidencia: 0.60 (Intento 252)
2025-09-30 12:12:10,835 - views.main_view - INFO - Botón 'img/b8.png' no encontrado. Mejor coincidencia: 0.60 (Intento 253)
2025-09-30 12:12:12,655 - views.main_view - INFO - Botón 'img/b8.png' no encontrado. Mejor coincidencia: 0.60 (Intento 254)
2025-09-30 12:12:14,465 - views.main_view - INFO - Botón 'img/b8.png' no encontrado. Mejor coincidencia: 0.60 (Intento 255)
2025-09-30 12:12:16,288 - views.main_view - INFO - Botón 'img/b8.png' no encontrado. Mejor coincidencia: 0.60 (Intento 256)
2025-09-30 12:12:18,092 - views.main_view - INFO - Botón 'img/b8.png' no encontrado. Mejor coincidencia: 0.60 (Intento 257)
2025-09-30 12:12:19,903 - views.main_view - INFO - Botón 'img/b8.png' no encontrado. Mejor coincidencia: 0.60 (Intento 258)
2025-09-30 12:12:21,739 - views.main_view - INFO - Botón 'img/b8.png' no encontrado. Mejor coincidencia: 0.60 (Intento 259)
2025-09-30 12:12:23,538 - views.main_view - INFO - Botón 'img/b8.png' no encontrado. Mejor coincidencia: 0.60 (Intento 260)
2025-09-30 12:12:23,840 - models.image_search_model - INFO - Intento 260: Mejor coincidencia: 0.60
2025-09-30 12:12:33,857 - views.main_view - INFO - Botón 'img/b8.png' no encontrado. Mejor coincidencia: 0.60 (Intento 261)
2025-09-30 12:12:35,655 - views.main_view - INFO - Botón 'img/b8.png' no encontrado. Mejor coincidencia: 0.60 (Intento 262)
2025-09-30 12:12:37,468 - views.main_view - INFO - Botón 'img/b8.png' no encontrado. Mejor coincidencia: 0.60 (Intento 263)
2025-09-30 12:12:39,332 - views.main_view - INFO - Botón 'img/b8.png' no encontrado. Mejor coincidencia: 0.60 (Intento 264)
2025-09-30 12:12:41,134 - views.main_view - INFO - Botón 'img/b8.png' no encontrado. Mejor coincidencia: 0.60 (Intento 265)
2025-09-30 12:12:42,945 - views.main_view - INFO - Botón 'img/b8.png' no encontrado. Mejor coincidencia: 0.60 (Intento 266)
2025-09-30 12:12:44,763 - views.main_view - INFO - Botón 'img/b8.png' no encontrado. Mejor coincidencia: 0.60 (Intento 267)
2025-09-30 12:12:46,566 - views.main_view - INFO - Botón 'img/b8.png' no encontrado. Mejor coincidencia: 0.60 (Intento 268)
2025-09-30 12:12:48,415 - views.main_view - INFO - Botón 'img/b8.png' no encontrado. Mejor coincidencia: 0.60 (Intento 269)
2025-09-30 12:12:50,210 - views.main_view - INFO - Botón 'img/b8.png' no encontrado. Mejor coincidencia: 0.60 (Intento 270)
2025-09-30 12:12:50,528 - models.image_search_model - INFO - Intento 270: Mejor coincidencia: 0.60
2025-09-30 12:13:00,540 - views.main_view - INFO - Botón 'img/b8.png' no encontrado. Mejor coincidencia: 0.60 (Intento 271)
2025-09-30 12:13:02,333 - views.main_view - INFO - Botón 'img/b8.png' no encontrado. Mejor coincidencia: 0.60 (Intento 272)
2025-09-30 12:13:04,203 - views.main_view - INFO - Botón 'img/b8.png' no encontrado. Mejor coincidencia: 0.60 (Intento 273)
2025-09-30 12:13:06,020 - views.main_view - INFO - Botón 'img/b8.png' no encontrado. Mejor coincidencia: 0.60 (Intento 274)
2025-09-30 12:13:07,816 - views.main_view - INFO - Botón 'img/b8.png' no encontrado. Mejor coincidencia: 0.60 (Intento 275)
2025-09-30 12:13:09,625 - views.main_view - INFO - Botón 'img/b8.png' no encontrado. Mejor coincidencia: 0.60 (Intento 276)
2025-09-30 12:13:11,455 - views.main_view - INFO - Botón 'img/b8.png' no encontrado. Mejor coincidencia: 0.60 (Intento 277)
2025-09-30 12:13:13,234 - views.main_view - INFO - Botón 'img/b8.png' no encontrado. Mejor coincidencia: 0.60 (Intento 278)
2025-09-30 12:13:15,048 - views.main_view - INFO - Botón 'img/b8.png' no encontrado. Mejor coincidencia: 0.60 (Intento 279)
2025-09-30 12:13:16,849 - views.main_view - INFO - Botón 'img/b8.png' no encontrado. Mejor coincidencia: 0.60 (Intento 280)
2025-09-30 12:13:17,133 - models.image_search_model - INFO - Intento 280: Mejor coincidencia: 0.60
2025-09-30 12:13:27,150 - views.main_view - INFO - Botón 'img/b8.png' no encontrado. Mejor coincidencia: 0.60 (Intento 281)
2025-09-30 12:13:28,961 - views.main_view - INFO - Botón 'img/b8.png' no encontrado. Mejor coincidencia: 0.60 (Intento 282)
2025-09-30 12:13:30,788 - views.main_view - INFO - Botón 'img/b8.png' no encontrado. Mejor coincidencia: 0.60 (Intento 283)
2025-09-30 12:13:32,661 - views.main_view - INFO - Botón 'img/b8.png' no encontrado. Mejor coincidencia: 0.63 (Intento 284)
2025-09-30 12:13:34,449 - views.main_view - INFO - Botón 'img/b8.png' no encontrado. Mejor coincidencia: 0.60 (Intento 285)
2025-09-30 12:13:36,260 - views.main_view - INFO - Botón 'img/b8.png' no encontrado. Mejor coincidencia: 0.60 (Intento 286)
2025-09-30 12:13:38,087 - views.main_view - INFO - Botón 'img/b8.png' no encontrado. Mejor coincidencia: 0.60 (Intento 287)
2025-09-30 12:13:39,888 - views.main_view - INFO - Botón 'img/b8.png' no encontrado. Mejor coincidencia: 0.60 (Intento 288)
2025-09-30 12:13:41,735 - views.main_view - INFO - Botón 'img/b8.png' no encontrado. Mejor coincidencia: 0.60 (Intento 289)
2025-09-30 12:13:43,524 - views.main_view - INFO - Botón 'img/b8.png' no encontrado. Mejor coincidencia: 0.60 (Intento 290)
2025-09-30 12:13:43,800 - models.image_search_model - INFO - Intento 290: Mejor coincidencia: 0.60
2025-09-30 12:13:53,817 - views.main_view - INFO - Botón 'img/b8.png' no encontrado. Mejor coincidencia: 0.60 (Intento 291)
2025-09-30 12:13:55,586 - views.main_view - INFO - Botón 'img/b8.png' no encontrado. Mejor coincidencia: 0.60 (Intento 292)
2025-09-30 12:13:57,398 - views.main_view - INFO - Botón 'img/b8.png' no encontrado. Mejor coincidencia: 0.60 (Intento 293)
2025-09-30 12:13:59,206 - views.main_view - INFO - Botón 'img/b8.png' no encontrado. Mejor coincidencia: 0.60 (Intento 294)
2025-09-30 12:14:01,017 - views.main_view - INFO - Botón 'img/b8.png' no encontrado. Mejor coincidencia: 0.60 (Intento 295)
2025-09-30 12:14:02,823 - views.main_view - INFO - Botón 'img/b8.png' no encontrado. Mejor coincidencia: 0.60 (Intento 296)
2025-09-30 12:14:04,209 - views.main_view - INFO - Búsqueda pausada (Presione ESC para reanudar)
2025-09-30 12:14:04,668 - views.main_view - INFO - Botón 'img/b8.png' no encontrado. Mejor coincidencia: 0.60 (Intento 297)
2025-09-30 12:14:31,339 - views.pause_window - INFO - Reanudando proceso desde ventana de pausa
2025-09-30 12:14:31,401 - views.main_view - INFO - Búsqueda reanudada
2025-09-30 12:14:33,151 - views.main_view - INFO - Botón 'img/b8.png' no encontrado. Mejor coincidencia: 0.60 (Intento 298)
2025-09-30 12:14:34,983 - views.main_view - INFO - Botón 'img/b8.png' no encontrado. Mejor coincidencia: 0.60 (Intento 299)
2025-09-30 12:14:36,789 - views.main_view - INFO - Botón 'img/b8.png' no encontrado. Mejor coincidencia: 0.60 (Intento 300)
2025-09-30 12:14:37,112 - models.image_search_model - INFO - Intento 300: Mejor coincidencia: 0.60
2025-09-30 12:14:47,126 - views.main_view - INFO - Botón 'img/b8.png' no encontrado. Mejor coincidencia: 0.60 (Intento 301)
2025-09-30 12:14:48,950 - views.main_view - INFO - Botón 'img/b8.png' no encontrado. Mejor coincidencia: 0.60 (Intento 302)
2025-09-30 12:14:50,755 - views.main_view - INFO - Botón 'img/b8.png' no encontrado. Mejor coincidencia: 0.60 (Intento 303)
2025-09-30 12:14:52,570 - views.main_view - INFO - Botón 'img/b8.png' no encontrado. Mejor coincidencia: 0.63 (Intento 304)
2025-09-30 12:14:54,367 - views.main_view - INFO - Botón 'img/b8.png' no encontrado. Mejor coincidencia: 0.60 (Intento 305)
2025-09-30 12:14:56,203 - views.main_view - INFO - Botón 'img/b8.png' no encontrado. Mejor coincidencia: 0.60 (Intento 306)
2025-09-30 12:14:57,984 - views.main_view - INFO - Botón 'img/b8.png' no encontrado. Mejor coincidencia: 0.60 (Intento 307)
2025-09-30 12:14:59,815 - views.main_view - INFO - Botón 'img/b8.png' no encontrado. Mejor coincidencia: 0.60 (Intento 308)
2025-09-30 12:15:01,622 - views.main_view - INFO - Botón 'img/b8.png' no encontrado. Mejor coincidencia: 0.60 (Intento 309)
2025-09-30 12:15:03,443 - views.main_view - INFO - Botón 'img/b8.png' no encontrado. Mejor coincidencia: 0.60 (Intento 310)
2025-09-30 12:15:03,721 - models.image_search_model - INFO - Intento 310: Mejor coincidencia: 0.60
2025-09-30 12:15:13,738 - views.main_view - INFO - Botón 'img/b8.png' no encontrado. Mejor coincidencia: 0.60 (Intento 311)
2025-09-30 12:15:15,533 - views.main_view - INFO - Botón 'img/b8.png' no encontrado. Mejor coincidencia: 0.60 (Intento 312)
2025-09-30 12:15:17,073 - views.main_view - INFO - Búsqueda pausada (Presione ESC para reanudar)
2025-09-30 12:15:17,343 - views.main_view - INFO - Botón 'img/b8.png' no encontrado. Mejor coincidencia: 0.60 (Intento 313)
2025-09-30 12:22:18,566 - utils.ahk_manager - INFO - AutoHotkey detenido correctamente
2025-09-30 12:22:18,572 - views.main_view - INFO - Proceso detenido
2025-09-30 12:22:18,579 - views.main_view - INFO - Error: No se pudo encontrar el botón 'img/b8.png' después de 28 intentos
2025-09-30 12:22:18,585 - views.main_view - INFO - Secuencia interrumpida para lote 28 de 465
2025-09-30 12:22:18,591 - views.main_view - INFO - Proceso completado
2025-09-30 12:22:33,053 - utils.config_manager - INFO - Configuración guardada correctamente
2025-09-30 12:22:33,202 - views.main_view - INFO - Iniciando proceso de búsqueda...
2025-09-30 12:22:33,207 - views.main_view - INFO - Formato para el texto: LT
2025-09-30 12:22:33,214 - views.main_view - INFO - Lotes: 28 a 465
2025-09-30 12:22:33,221 - views.main_view - INFO - Tiempo de espera entre lotes: 1 segundos
2025-09-30 12:22:33,225 - views.main_view - INFO - Secuencia predefinida a ejecutar:
2025-09-30 12:22:33,229 - views.main_view - INFO -   1. img/b1.png (clics: 2, confianza: 0.68)
2025-09-30 12:22:33,232 - views.main_view - INFO -   2. img/b2.png (clics: 1, confianza: 0.68)
2025-09-30 12:22:33,235 - views.main_view - INFO -   3. img/b3.png (clics: 1, confianza: 0.68)
2025-09-30 12:22:33,236 - views.main_view - INFO -   4. img/b4.png (clics: 1, confianza: 0.68)
2025-09-30 12:22:33,238 - views.main_view - INFO -   5. img/b1.png (clics: 1, confianza: 0.68)
2025-09-30 12:22:33,240 - views.main_view - INFO -   6. img/b6.png (clics: 1, confianza: 0.68)
2025-09-30 12:22:33,242 - views.main_view - INFO -   7. img/b7.png (clics: 1, confianza: 0.68)
2025-09-30 12:22:33,243 - views.main_view - INFO -   8. img/b8.png (clics: 1, confianza: 0.68)
2025-09-30 12:22:33,247 - views.main_view - INFO - Procesando archivo: LT 28.kml
2025-09-30 12:22:33,258 - views.main_view - INFO - Usando formato: LT
2025-09-30 12:22:36,278 - views.main_view - INFO - Botón 'img/b1.png' encontrado en (444, 220) - Confianza: 1.00
2025-09-30 12:22:41,344 - views.main_view - INFO - Botón 'img/b2.png' encontrado en (1388, 595) - Confianza: 1.00
2025-09-30 12:22:46,426 - views.main_view - INFO - Botón 'img/b3.png' encontrado en (1412, 634) - Confianza: 0.89
2025-09-30 12:22:50,269 - views.main_view - INFO - Botón 'img/b4.png' no encontrado. Mejor coincidencia: 0.46 (Intento 2)
2025-09-30 12:22:53,348 - views.main_view - INFO - Botón 'img/b4.png' encontrado en (1115, 654) - Confianza: 1.00
2025-09-30 12:22:56,634 - controllers.image_search_controller - INFO - Ventana encontrada con confianza: 1.00
2025-09-30 12:22:56,635 - controllers.image_search_controller - INFO - Coordenadas ventana: x=1040, y=330
2025-09-30 12:22:56,636 - controllers.image_search_controller - INFO - Coordenadas campo texto: x=1334, y=830
2025-09-30 12:22:58,645 - utils.ahk_manager - INFO - AutoHotkey iniciado correctamente
2025-09-30 12:22:58,649 - utils.ahk_manager - INFO - Comando enviado a AHK: 1334,830,LT 28.kml
2025-09-30 12:23:13,641 - views.main_view - INFO - Botón 'img/b1.png' encontrado en (444, 220) - Confianza: 0.88
2025-09-30 12:23:18,661 - views.main_view - INFO - Botón 'img/b6.png' encontrado en (1397, 665) - Confianza: 1.00
2025-09-30 12:23:23,664 - views.main_view - INFO - Botón 'img/b7.png' encontrado en (1251, 186) - Confianza: 1.00
2025-09-30 12:23:28,681 - views.main_view - INFO - Botón 'img/b8.png' encontrado en (1261, 404) - Confianza: 0.83
2025-09-30 12:23:28,689 - views.main_view - INFO - Presionando Enter 3 veces
2025-09-30 12:23:31,308 - views.main_view - INFO - Secuencia completada para lote 28 de 465
2025-09-30 12:23:31,315 - views.main_view - INFO - Esperando 1 segundos antes del próximo lote...
2025-09-30 12:23:31,322 - views.main_view - INFO - Tiempo restante: 1 segundos
2025-09-30 12:23:32,330 - utils.config_manager - INFO - Configuración guardada correctamente
2025-09-30 12:23:32,338 - views.main_view - INFO - Procesando lote 29 de 465
2025-09-30 12:23:32,343 - views.main_view - INFO - Procesando archivo: LT 29.kml
2025-09-30 12:23:32,348 - views.main_view - INFO - Usando formato: LT
2025-09-30 12:23:35,340 - views.main_view - INFO - Botón 'img/b1.png' encontrado en (444, 220) - Confianza: 1.00
2025-09-30 12:23:40,326 - views.main_view - INFO - Botón 'img/b2.png' encontrado en (1388, 595) - Confianza: 1.00
2025-09-30 12:23:45,356 - views.main_view - INFO - Botón 'img/b3.png' encontrado en (1412, 634) - Confianza: 0.89
2025-09-30 12:23:49,211 - views.main_view - INFO - Botón 'img/b4.png' no encontrado. Mejor coincidencia: 0.46 (Intento 2)
2025-09-30 12:23:52,258 - views.main_view - INFO - Botón 'img/b4.png' encontrado en (1115, 654) - Confianza: 1.00
2025-09-30 12:23:55,529 - controllers.image_search_controller - INFO - Ventana encontrada con confianza: 1.00
2025-09-30 12:23:55,531 - controllers.image_search_controller - INFO - Coordenadas ventana: x=1040, y=330
2025-09-30 12:23:55,531 - controllers.image_search_controller - INFO - Coordenadas campo texto: x=1334, y=830
2025-09-30 12:23:55,533 - utils.ahk_manager - INFO - Comando enviado a AHK: 1334,830,LT 29.kml
2025-09-30 12:24:10,564 - views.main_view - INFO - Botón 'img/b1.png' encontrado en (444, 220) - Confianza: 1.00
2025-09-30 12:24:15,590 - views.main_view - INFO - Botón 'img/b6.png' encontrado en (1397, 665) - Confianza: 1.00
2025-09-30 12:24:20,614 - views.main_view - INFO - Botón 'img/b7.png' encontrado en (1251, 186) - Confianza: 0.80
2025-09-30 12:24:24,429 - views.main_view - INFO - Botón 'img/b8.png' no encontrado. Mejor coincidencia: 0.60 (Intento 2)
2025-09-30 12:24:26,275 - views.main_view - INFO - Botón 'img/b8.png' no encontrado. Mejor coincidencia: 0.60 (Intento 3)
2025-09-30 12:24:28,099 - views.main_view - INFO - Botón 'img/b8.png' no encontrado. Mejor coincidencia: 0.60 (Intento 4)
2025-09-30 12:24:29,879 - views.main_view - INFO - Botón 'img/b8.png' no encontrado. Mejor coincidencia: 0.60 (Intento 5)
2025-09-30 12:24:31,686 - views.main_view - INFO - Botón 'img/b8.png' no encontrado. Mejor coincidencia: 0.60 (Intento 6)
2025-09-30 12:24:33,494 - views.main_view - INFO - Botón 'img/b8.png' no encontrado. Mejor coincidencia: 0.60 (Intento 7)
2025-09-30 12:24:35,278 - views.main_view - INFO - Botón 'img/b8.png' no encontrado. Mejor coincidencia: 0.60 (Intento 8)
2025-09-30 12:24:37,093 - views.main_view - INFO - Botón 'img/b8.png' no encontrado. Mejor coincidencia: 0.60 (Intento 9)
2025-09-30 12:24:38,880 - views.main_view - INFO - Botón 'img/b8.png' no encontrado. Mejor coincidencia: 0.60 (Intento 10)
2025-09-30 12:24:39,189 - models.image_search_model - INFO - Intento 10: Mejor coincidencia: 0.60
2025-09-30 12:24:49,206 - views.main_view - INFO - Botón 'img/b8.png' no encontrado. Mejor coincidencia: 0.60 (Intento 11)
2025-09-30 12:24:51,001 - views.main_view - INFO - Botón 'img/b8.png' no encontrado. Mejor coincidencia: 0.60 (Intento 12)
2025-09-30 12:24:52,782 - views.main_view - INFO - Botón 'img/b8.png' no encontrado. Mejor coincidencia: 0.60 (Intento 13)
2025-09-30 12:24:54,554 - views.main_view - INFO - Botón 'img/b8.png' no encontrado. Mejor coincidencia: 0.60 (Intento 14)
2025-09-30 12:24:56,336 - views.main_view - INFO - Botón 'img/b8.png' no encontrado. Mejor coincidencia: 0.60 (Intento 15)
2025-09-30 12:24:58,099 - views.main_view - INFO - Botón 'img/b8.png' no encontrado. Mejor coincidencia: 0.60 (Intento 16)
2025-09-30 12:24:59,877 - views.main_view - INFO - Botón 'img/b8.png' no encontrado. Mejor coincidencia: 0.60 (Intento 17)
2025-09-30 12:25:01,686 - views.main_view - INFO - Botón 'img/b8.png' no encontrado. Mejor coincidencia: 0.60 (Intento 18)
2025-09-30 12:25:03,493 - views.main_view - INFO - Botón 'img/b8.png' no encontrado. Mejor coincidencia: 0.60 (Intento 19)
2025-09-30 12:25:05,286 - views.main_view - INFO - Botón 'img/b8.png' no encontrado. Mejor coincidencia: 0.60 (Intento 20)
2025-09-30 12:25:05,573 - models.image_search_model - INFO - Intento 20: Mejor coincidencia: 0.60
2025-09-30 12:25:15,590 - views.main_view - INFO - Botón 'img/b8.png' no encontrado. Mejor coincidencia: 0.60 (Intento 21)
2025-09-30 12:25:17,412 - views.main_view - INFO - Botón 'img/b8.png' no encontrado. Mejor coincidencia: 0.60 (Intento 22)
2025-09-30 12:25:19,234 - views.main_view - INFO - Botón 'img/b8.png' no encontrado. Mejor coincidencia: 0.60 (Intento 23)
2025-09-30 12:25:21,055 - views.main_view - INFO - Botón 'img/b8.png' no encontrado. Mejor coincidencia: 0.60 (Intento 24)
2025-09-30 12:25:22,851 - views.main_view - INFO - Botón 'img/b8.png' no encontrado. Mejor coincidencia: 0.60 (Intento 25)
2025-09-30 12:25:24,673 - views.main_view - INFO - Botón 'img/b8.png' no encontrado. Mejor coincidencia: 0.60 (Intento 26)
2025-09-30 12:25:26,493 - views.main_view - INFO - Botón 'img/b8.png' no encontrado. Mejor coincidencia: 0.60 (Intento 27)
2025-09-30 12:25:28,330 - views.main_view - INFO - Botón 'img/b8.png' no encontrado. Mejor coincidencia: 0.60 (Intento 28)
2025-09-30 12:25:30,163 - views.main_view - INFO - Botón 'img/b8.png' no encontrado. Mejor coincidencia: 0.60 (Intento 29)
2025-09-30 12:25:31,969 - views.main_view - INFO - Botón 'img/b8.png' no encontrado. Mejor coincidencia: 0.60 (Intento 30)
2025-09-30 12:25:32,294 - models.image_search_model - INFO - Intento 30: Mejor coincidencia: 0.60
2025-09-30 12:25:42,311 - views.main_view - INFO - Botón 'img/b8.png' no encontrado. Mejor coincidencia: 0.60 (Intento 31)
2025-09-30 12:25:44,142 - views.main_view - INFO - Botón 'img/b8.png' no encontrado. Mejor coincidencia: 0.60 (Intento 32)
2025-09-30 12:25:45,946 - views.main_view - INFO - Botón 'img/b8.png' no encontrado. Mejor coincidencia: 0.60 (Intento 33)
2025-09-30 12:25:47,758 - views.main_view - INFO - Botón 'img/b8.png' no encontrado. Mejor coincidencia: 0.60 (Intento 34)
2025-09-30 12:25:49,574 - views.main_view - INFO - Botón 'img/b8.png' no encontrado. Mejor coincidencia: 0.60 (Intento 35)
2025-09-30 12:25:51,384 - views.main_view - INFO - Botón 'img/b8.png' no encontrado. Mejor coincidencia: 0.60 (Intento 36)
2025-09-30 12:25:53,184 - views.main_view - INFO - Botón 'img/b8.png' no encontrado. Mejor coincidencia: 0.60 (Intento 37)
2025-09-30 12:25:54,976 - views.main_view - INFO - Botón 'img/b8.png' no encontrado. Mejor coincidencia: 0.60 (Intento 38)
2025-09-30 12:25:56,809 - views.main_view - INFO - Botón 'img/b8.png' no encontrado. Mejor coincidencia: 0.60 (Intento 39)
2025-09-30 12:25:58,614 - views.main_view - INFO - Botón 'img/b8.png' no encontrado. Mejor coincidencia: 0.60 (Intento 40)
2025-09-30 12:25:58,921 - models.image_search_model - INFO - Intento 40: Mejor coincidencia: 0.60
2025-09-30 12:26:08,938 - views.main_view - INFO - Botón 'img/b8.png' no encontrado. Mejor coincidencia: 0.60 (Intento 41)
2025-09-30 12:26:10,781 - views.main_view - INFO - Botón 'img/b8.png' no encontrado. Mejor coincidencia: 0.60 (Intento 42)
2025-09-30 12:26:12,594 - views.main_view - INFO - Botón 'img/b8.png' no encontrado. Mejor coincidencia: 0.60 (Intento 43)
2025-09-30 12:26:14,413 - views.main_view - INFO - Botón 'img/b8.png' no encontrado. Mejor coincidencia: 0.60 (Intento 44)
2025-09-30 12:26:16,220 - views.main_view - INFO - Botón 'img/b8.png' no encontrado. Mejor coincidencia: 0.60 (Intento 45)
2025-09-30 12:26:18,031 - views.main_view - INFO - Botón 'img/b8.png' no encontrado. Mejor coincidencia: 0.60 (Intento 46)
2025-09-30 12:26:19,847 - views.main_view - INFO - Botón 'img/b8.png' no encontrado. Mejor coincidencia: 0.60 (Intento 47)
2025-09-30 12:26:21,649 - views.main_view - INFO - Botón 'img/b8.png' no encontrado. Mejor coincidencia: 0.60 (Intento 48)
2025-09-30 12:26:23,451 - views.main_view - INFO - Botón 'img/b8.png' no encontrado. Mejor coincidencia: 0.60 (Intento 49)
2025-09-30 12:26:25,288 - views.main_view - INFO - Botón 'img/b8.png' no encontrado. Mejor coincidencia: 0.60 (Intento 50)
2025-09-30 12:26:25,595 - models.image_search_model - INFO - Intento 50: Mejor coincidencia: 0.60
2025-09-30 12:26:35,599 - views.main_view - INFO - Botón 'img/b8.png' no encontrado. Mejor coincidencia: 0.60 (Intento 51)
2025-09-30 12:26:37,399 - views.main_view - INFO - Botón 'img/b8.png' no encontrado. Mejor coincidencia: 0.60 (Intento 52)
2025-09-30 12:26:39,204 - views.main_view - INFO - Botón 'img/b8.png' no encontrado. Mejor coincidencia: 0.60 (Intento 53)
2025-09-30 12:26:40,980 - views.main_view - INFO - Botón 'img/b8.png' no encontrado. Mejor coincidencia: 0.60 (Intento 54)
2025-09-30 12:26:42,830 - views.main_view - INFO - Botón 'img/b8.png' no encontrado. Mejor coincidencia: 0.60 (Intento 55)
2025-09-30 12:26:44,641 - views.main_view - INFO - Botón 'img/b8.png' no encontrado. Mejor coincidencia: 0.60 (Intento 56)
2025-09-30 12:26:46,466 - views.main_view - INFO - Botón 'img/b8.png' no encontrado. Mejor coincidencia: 0.60 (Intento 57)
2025-09-30 12:26:48,283 - views.main_view - INFO - Botón 'img/b8.png' no encontrado. Mejor coincidencia: 0.60 (Intento 58)
2025-09-30 12:26:50,112 - views.main_view - INFO - Botón 'img/b8.png' no encontrado. Mejor coincidencia: 0.60 (Intento 59)
2025-09-30 12:26:51,905 - views.main_view - INFO - Botón 'img/b8.png' no encontrado. Mejor coincidencia: 0.60 (Intento 60)
2025-09-30 12:26:52,203 - models.image_search_model - INFO - Intento 60: Mejor coincidencia: 0.60
2025-09-30 12:27:02,208 - views.main_view - INFO - Botón 'img/b8.png' no encontrado. Mejor coincidencia: 0.60 (Intento 61)
2025-09-30 12:27:04,029 - views.main_view - INFO - Botón 'img/b8.png' no encontrado. Mejor coincidencia: 0.60 (Intento 62)
2025-09-30 12:27:05,834 - views.main_view - INFO - Botón 'img/b8.png' no encontrado. Mejor coincidencia: 0.60 (Intento 63)
2025-09-30 12:27:07,658 - views.main_view - INFO - Botón 'img/b8.png' no encontrado. Mejor coincidencia: 0.60 (Intento 64)
2025-09-30 12:27:09,463 - views.main_view - INFO - Botón 'img/b8.png' no encontrado. Mejor coincidencia: 0.60 (Intento 65)
2025-09-30 12:27:11,263 - views.main_view - INFO - Botón 'img/b8.png' no encontrado. Mejor coincidencia: 0.60 (Intento 66)
2025-09-30 12:27:13,063 - views.main_view - INFO - Botón 'img/b8.png' no encontrado. Mejor coincidencia: 0.60 (Intento 67)
2025-09-30 12:27:14,902 - views.main_view - INFO - Botón 'img/b8.png' no encontrado. Mejor coincidencia: 0.60 (Intento 68)
2025-09-30 12:27:16,700 - views.main_view - INFO - Botón 'img/b8.png' no encontrado. Mejor coincidencia: 0.60 (Intento 69)
2025-09-30 12:27:18,484 - views.main_view - INFO - Botón 'img/b8.png' no encontrado. Mejor coincidencia: 0.60 (Intento 70)
2025-09-30 12:27:18,765 - models.image_search_model - INFO - Intento 70: Mejor coincidencia: 0.60
2025-09-30 12:27:28,788 - views.main_view - INFO - Botón 'img/b8.png' no encontrado. Mejor coincidencia: 0.60 (Intento 71)
2025-09-30 12:27:30,617 - views.main_view - INFO - Botón 'img/b8.png' no encontrado. Mejor coincidencia: 0.60 (Intento 72)
2025-09-30 12:27:32,416 - views.main_view - INFO - Botón 'img/b8.png' no encontrado. Mejor coincidencia: 0.60 (Intento 73)
2025-09-30 12:27:34,211 - views.main_view - INFO - Botón 'img/b8.png' no encontrado. Mejor coincidencia: 0.60 (Intento 74)
2025-09-30 12:27:35,985 - views.main_view - INFO - Botón 'img/b8.png' no encontrado. Mejor coincidencia: 0.60 (Intento 75)
2025-09-30 12:27:37,795 - views.main_view - INFO - Botón 'img/b8.png' no encontrado. Mejor coincidencia: 0.60 (Intento 76)
2025-09-30 12:27:39,606 - views.main_view - INFO - Botón 'img/b8.png' no encontrado. Mejor coincidencia: 0.60 (Intento 77)
2025-09-30 12:27:41,411 - views.main_view - INFO - Botón 'img/b8.png' no encontrado. Mejor coincidencia: 0.60 (Intento 78)
2025-09-30 12:27:43,217 - views.main_view - INFO - Botón 'img/b8.png' no encontrado. Mejor coincidencia: 0.60 (Intento 79)
2025-09-30 12:27:45,014 - views.main_view - INFO - Botón 'img/b8.png' no encontrado. Mejor coincidencia: 0.60 (Intento 80)
2025-09-30 12:27:45,318 - models.image_search_model - INFO - Intento 80: Mejor coincidencia: 0.60
2025-09-30 12:27:55,336 - views.main_view - INFO - Botón 'img/b8.png' no encontrado. Mejor coincidencia: 0.60 (Intento 81)
2025-09-30 12:27:57,151 - views.main_view - INFO - Botón 'img/b8.png' no encontrado. Mejor coincidencia: 0.60 (Intento 82)
2025-09-30 12:27:58,962 - views.main_view - INFO - Botón 'img/b8.png' no encontrado. Mejor coincidencia: 0.60 (Intento 83)
2025-09-30 12:28:00,790 - views.main_view - INFO - Botón 'img/b8.png' no encontrado. Mejor coincidencia: 0.60 (Intento 84)
2025-09-30 12:28:02,613 - views.main_view - INFO - Botón 'img/b8.png' no encontrado. Mejor coincidencia: 0.60 (Intento 85)
2025-09-30 12:28:04,397 - views.main_view - INFO - Botón 'img/b8.png' no encontrado. Mejor coincidencia: 0.60 (Intento 86)
2025-09-30 12:28:06,212 - views.main_view - INFO - Botón 'img/b8.png' no encontrado. Mejor coincidencia: 0.60 (Intento 87)
2025-09-30 12:28:08,007 - views.main_view - INFO - Botón 'img/b8.png' no encontrado. Mejor coincidencia: 0.60 (Intento 88)
2025-09-30 12:28:09,825 - views.main_view - INFO - Botón 'img/b8.png' no encontrado. Mejor coincidencia: 0.60 (Intento 89)
2025-09-30 12:28:11,665 - views.main_view - INFO - Botón 'img/b8.png' no encontrado. Mejor coincidencia: 0.60 (Intento 90)
2025-09-30 12:28:11,963 - models.image_search_model - INFO - Intento 90: Mejor coincidencia: 0.60
2025-09-30 12:28:13,701 - utils.ahk_manager - INFO - AutoHotkey detenido correctamente
2025-09-30 12:28:13,712 - views.main_view - INFO - Proceso detenido
2025-09-30 12:28:18,847 - utils.config_manager - INFO - Configuración guardada correctamente
2025-09-30 12:28:21,974 - views.main_view - INFO - Botón 'img/b8.png' no encontrado. Mejor coincidencia: 0.60 (Intento 91)
2025-09-30 12:28:21,994 - views.main_view - INFO - Error: No se pudo encontrar el botón 'img/b8.png' después de 29 intentos
2025-09-30 12:28:22,002 - views.main_view - INFO - Secuencia interrumpida para lote 29 de 465
2025-09-30 12:28:22,015 - views.main_view - INFO - Proceso completado
2025-09-30 12:28:25,710 - views.main_view - INFO - Iniciando proceso de búsqueda...
2025-09-30 12:28:25,715 - views.main_view - INFO - Formato para el texto: LT
2025-09-30 12:28:25,719 - views.main_view - INFO - Lotes: 27 a 465
2025-09-30 12:28:25,730 - views.main_view - INFO - Tiempo de espera entre lotes: 1 segundos
2025-09-30 12:28:25,732 - views.main_view - INFO - Secuencia predefinida a ejecutar:
2025-09-30 12:28:25,734 - views.main_view - INFO -   1. img/b1.png (clics: 2, confianza: 0.68)
2025-09-30 12:28:25,736 - views.main_view - INFO -   2. img/b2.png (clics: 1, confianza: 0.68)
2025-09-30 12:28:25,737 - views.main_view - INFO -   3. img/b3.png (clics: 1, confianza: 0.68)
2025-09-30 12:28:25,739 - views.main_view - INFO -   4. img/b4.png (clics: 1, confianza: 0.68)
2025-09-30 12:28:25,740 - views.main_view - INFO -   5. img/b1.png (clics: 1, confianza: 0.68)
2025-09-30 12:28:25,741 - views.main_view - INFO -   6. img/b6.png (clics: 1, confianza: 0.68)
2025-09-30 12:28:25,743 - views.main_view - INFO -   7. img/b7.png (clics: 1, confianza: 0.68)
2025-09-30 12:28:25,744 - views.main_view - INFO -   8. img/b8.png (clics: 1, confianza: 0.68)
2025-09-30 12:28:25,750 - utils.config_manager - INFO - Configuración guardada correctamente
2025-09-30 12:28:25,758 - views.main_view - INFO - Procesando lote 27 de 465
2025-09-30 12:28:25,761 - views.main_view - INFO - Procesando archivo: LT 27.kml
2025-09-30 12:28:25,763 - views.main_view - INFO - Usando formato: LT
2025-09-30 12:28:28,750 - views.main_view - INFO - Botón 'img/b1.png' encontrado en (444, 220) - Confianza: 1.00
2025-09-30 12:28:33,784 - views.main_view - INFO - Botón 'img/b2.png' encontrado en (1388, 595) - Confianza: 1.00
2025-09-30 12:28:38,821 - views.main_view - INFO - Botón 'img/b3.png' encontrado en (1412, 634) - Confianza: 0.89
2025-09-30 12:28:42,664 - views.main_view - INFO - Botón 'img/b4.png' no encontrado. Mejor coincidencia: 0.46 (Intento 2)
2025-09-30 12:28:45,726 - views.main_view - INFO - Botón 'img/b4.png' encontrado en (1115, 654) - Confianza: 1.00
2025-09-30 12:28:49,039 - controllers.image_search_controller - INFO - Ventana encontrada con confianza: 1.00
2025-09-30 12:28:49,043 - controllers.image_search_controller - INFO - Coordenadas ventana: x=1040, y=330
2025-09-30 12:28:49,044 - controllers.image_search_controller - INFO - Coordenadas campo texto: x=1334, y=830
2025-09-30 12:28:51,051 - utils.ahk_manager - INFO - AutoHotkey iniciado correctamente
2025-09-30 12:28:51,059 - utils.ahk_manager - INFO - Comando enviado a AHK: 1334,830,LT 27.kml
2025-09-30 12:29:06,095 - views.main_view - INFO - Botón 'img/b1.png' encontrado en (444, 220) - Confianza: 1.00
2025-09-30 12:29:11,131 - views.main_view - INFO - Botón 'img/b6.png' encontrado en (1397, 665) - Confianza: 1.00
2025-09-30 12:29:16,143 - views.main_view - INFO - Botón 'img/b7.png' encontrado en (1251, 186) - Confianza: 1.00
2025-09-30 12:29:21,181 - views.main_view - INFO - Botón 'img/b8.png' encontrado en (1261, 404) - Confianza: 0.83
2025-09-30 12:29:21,197 - views.main_view - INFO - Presionando Enter 3 veces
2025-09-30 12:29:23,823 - views.main_view - INFO - Secuencia completada para lote 27 de 465
2025-09-30 12:29:23,832 - views.main_view - INFO - Esperando 1 segundos antes del próximo lote...
2025-09-30 12:29:23,845 - views.main_view - INFO - Tiempo restante: 1 segundos
2025-09-30 12:29:24,861 - utils.config_manager - INFO - Configuración guardada correctamente
2025-09-30 12:29:24,871 - views.main_view - INFO - Procesando lote 28 de 465
2025-09-30 12:29:24,878 - views.main_view - INFO - Procesando archivo: LT 28.kml
2025-09-30 12:29:24,888 - views.main_view - INFO - Usando formato: LT
2025-09-30 12:29:27,911 - views.main_view - INFO - Botón 'img/b1.png' encontrado en (444, 220) - Confianza: 1.00
2025-09-30 12:29:32,954 - views.main_view - INFO - Botón 'img/b2.png' encontrado en (1388, 595) - Confianza: 1.00
2025-09-30 12:29:37,985 - views.main_view - INFO - Botón 'img/b3.png' encontrado en (1412, 634) - Confianza: 0.89
2025-09-30 12:29:41,825 - views.main_view - INFO - Botón 'img/b4.png' no encontrado. Mejor coincidencia: 0.46 (Intento 2)
2025-09-30 12:29:44,869 - views.main_view - INFO - Botón 'img/b4.png' encontrado en (1115, 654) - Confianza: 1.00
2025-09-30 12:29:48,159 - controllers.image_search_controller - INFO - Ventana encontrada con confianza: 1.00
2025-09-30 12:29:48,160 - controllers.image_search_controller - INFO - Coordenadas ventana: x=1040, y=330
2025-09-30 12:29:48,161 - controllers.image_search_controller - INFO - Coordenadas campo texto: x=1334, y=830
2025-09-30 12:29:48,163 - utils.ahk_manager - INFO - Comando enviado a AHK: 1334,830,LT 28.kml
2025-09-30 12:30:03,227 - views.main_view - INFO - Botón 'img/b1.png' encontrado en (444, 220) - Confianza: 0.88
2025-09-30 12:30:08,236 - views.main_view - INFO - Botón 'img/b6.png' encontrado en (1397, 665) - Confianza: 1.00
2025-09-30 12:30:13,286 - views.main_view - INFO - Botón 'img/b7.png' encontrado en (1251, 186) - Confianza: 1.00
2025-09-30 12:30:18,332 - views.main_view - INFO - Botón 'img/b8.png' encontrado en (1261, 404) - Confianza: 0.83
2025-09-30 12:30:18,349 - views.main_view - INFO - Presionando Enter 3 veces
2025-09-30 12:30:20,985 - views.main_view - INFO - Secuencia completada para lote 28 de 465
2025-09-30 12:30:20,995 - views.main_view - INFO - Esperando 1 segundos antes del próximo lote...
2025-09-30 12:30:21,007 - views.main_view - INFO - Tiempo restante: 1 segundos
2025-09-30 12:30:22,017 - utils.config_manager - INFO - Configuración guardada correctamente
2025-09-30 12:30:22,026 - views.main_view - INFO - Procesando lote 29 de 465
2025-09-30 12:30:22,034 - views.main_view - INFO - Procesando archivo: LT 29.kml
2025-09-30 12:30:22,044 - views.main_view - INFO - Usando formato: LT
2025-09-30 12:30:25,066 - views.main_view - INFO - Botón 'img/b1.png' encontrado en (444, 220) - Confianza: 1.00
2025-09-30 12:30:30,077 - views.main_view - INFO - Botón 'img/b2.png' encontrado en (1388, 595) - Confianza: 1.00
2025-09-30 12:30:35,083 - views.main_view - INFO - Botón 'img/b3.png' encontrado en (1412, 634) - Confianza: 0.89
2025-09-30 12:30:38,989 - views.main_view - INFO - Botón 'img/b4.png' no encontrado. Mejor coincidencia: 0.46 (Intento 2)
2025-09-30 12:30:42,039 - views.main_view - INFO - Botón 'img/b4.png' encontrado en (1115, 654) - Confianza: 1.00
2025-09-30 12:30:45,355 - controllers.image_search_controller - INFO - Ventana encontrada con confianza: 1.00
2025-09-30 12:30:45,357 - controllers.image_search_controller - INFO - Coordenadas ventana: x=1040, y=330
2025-09-30 12:30:45,357 - controllers.image_search_controller - INFO - Coordenadas campo texto: x=1334, y=830
2025-09-30 12:30:45,360 - utils.ahk_manager - INFO - Comando enviado a AHK: 1334,830,LT 29.kml
2025-09-30 12:31:00,397 - views.main_view - INFO - Botón 'img/b1.png' encontrado en (444, 220) - Confianza: 1.00
2025-09-30 12:31:05,463 - views.main_view - INFO - Botón 'img/b6.png' encontrado en (1397, 665) - Confianza: 1.00
2025-09-30 12:31:10,477 - views.main_view - INFO - Botón 'img/b7.png' encontrado en (1251, 186) - Confianza: 1.00
2025-09-30 12:31:15,550 - views.main_view - INFO - Botón 'img/b8.png' encontrado en (1261, 404) - Confianza: 0.83
2025-09-30 12:31:15,567 - views.main_view - INFO - Presionando Enter 3 veces
2025-09-30 12:31:18,192 - views.main_view - INFO - Secuencia completada para lote 29 de 465
2025-09-30 12:31:18,195 - views.main_view - INFO - Esperando 1 segundos antes del próximo lote...
2025-09-30 12:31:18,198 - views.main_view - INFO - Tiempo restante: 1 segundos
2025-09-30 12:31:19,209 - utils.config_manager - INFO - Configuración guardada correctamente
2025-09-30 12:31:19,217 - views.main_view - INFO - Procesando lote 30 de 465
2025-09-30 12:31:19,224 - views.main_view - INFO - Procesando archivo: LT 30.kml
2025-09-30 12:31:19,236 - views.main_view - INFO - Usando formato: LT
2025-09-30 12:31:22,246 - views.main_view - INFO - Botón 'img/b1.png' encontrado en (444, 220) - Confianza: 1.00
2025-09-30 12:31:27,241 - views.main_view - INFO - Botón 'img/b2.png' encontrado en (1388, 595) - Confianza: 1.00
2025-09-30 12:31:32,268 - views.main_view - INFO - Botón 'img/b3.png' encontrado en (1412, 634) - Confianza: 0.89
2025-09-30 12:31:36,130 - views.main_view - INFO - Botón 'img/b4.png' no encontrado. Mejor coincidencia: 0.46 (Intento 2)
2025-09-30 12:31:39,185 - views.main_view - INFO - Botón 'img/b4.png' encontrado en (1115, 654) - Confianza: 1.00
2025-09-30 12:31:42,509 - controllers.image_search_controller - INFO - Ventana encontrada con confianza: 1.00
2025-09-30 12:31:42,510 - controllers.image_search_controller - INFO - Coordenadas ventana: x=1040, y=330
2025-09-30 12:31:42,511 - controllers.image_search_controller - INFO - Coordenadas campo texto: x=1334, y=830
2025-09-30 12:31:42,513 - utils.ahk_manager - INFO - Comando enviado a AHK: 1334,830,LT 30.kml
2025-09-30 12:31:57,500 - views.main_view - INFO - Botón 'img/b1.png' encontrado en (444, 220) - Confianza: 1.00
2025-09-30 12:32:02,512 - views.main_view - INFO - Botón 'img/b6.png' encontrado en (1397, 665) - Confianza: 1.00
2025-09-30 12:32:07,557 - views.main_view - INFO - Botón 'img/b7.png' encontrado en (1251, 186) - Confianza: 1.00
2025-09-30 12:32:12,575 - views.main_view - INFO - Botón 'img/b8.png' encontrado en (1261, 404) - Confianza: 0.83
2025-09-30 12:32:12,590 - views.main_view - INFO - Presionando Enter 3 veces
2025-09-30 12:32:15,235 - views.main_view - INFO - Presionando 'S' para guardar cambios
2025-09-30 12:32:16,344 - views.main_view - INFO - Secuencia completada para lote 30 de 465
2025-09-30 12:32:16,348 - views.main_view - INFO - Esperando 1 segundos antes del próximo lote...
2025-09-30 12:32:16,350 - views.main_view - INFO - Tiempo restante: 1 segundos
2025-09-30 12:32:17,379 - utils.config_manager - INFO - Configuración guardada correctamente
2025-09-30 12:32:17,386 - views.main_view - INFO - Procesando lote 31 de 465
2025-09-30 12:32:17,391 - views.main_view - INFO - Procesando archivo: LT 31.kml
2025-09-30 12:32:17,395 - views.main_view - INFO - Usando formato: LT
2025-09-30 12:32:20,412 - views.main_view - INFO - Botón 'img/b1.png' encontrado en (444, 220) - Confianza: 1.00
2025-09-30 12:32:25,424 - views.main_view - INFO - Botón 'img/b2.png' encontrado en (1388, 595) - Confianza: 1.00
2025-09-30 12:32:30,481 - views.main_view - INFO - Botón 'img/b3.png' encontrado en (1412, 634) - Confianza: 0.89
2025-09-30 12:32:34,314 - views.main_view - INFO - Botón 'img/b4.png' no encontrado. Mejor coincidencia: 0.46 (Intento 2)
2025-09-30 12:32:37,351 - views.main_view - INFO - Botón 'img/b4.png' encontrado en (1115, 654) - Confianza: 1.00
2025-09-30 12:32:40,626 - controllers.image_search_controller - INFO - Ventana encontrada con confianza: 1.00
2025-09-30 12:32:40,628 - controllers.image_search_controller - INFO - Coordenadas ventana: x=1040, y=330
2025-09-30 12:32:40,628 - controllers.image_search_controller - INFO - Coordenadas campo texto: x=1334, y=830
2025-09-30 12:32:40,631 - utils.ahk_manager - INFO - Comando enviado a AHK: 1334,830,LT 31.kml
2025-09-30 12:32:55,630 - views.main_view - INFO - Botón 'img/b1.png' encontrado en (444, 220) - Confianza: 1.00
2025-09-30 12:33:00,639 - views.main_view - INFO - Botón 'img/b6.png' encontrado en (1397, 665) - Confianza: 1.00
2025-09-30 12:33:05,670 - views.main_view - INFO - Botón 'img/b7.png' encontrado en (1251, 186) - Confianza: 1.00
2025-09-30 12:33:10,668 - views.main_view - INFO - Botón 'img/b8.png' encontrado en (1261, 404) - Confianza: 0.83
2025-09-30 12:33:10,683 - views.main_view - INFO - Presionando Enter 3 veces
2025-09-30 12:33:13,312 - views.main_view - INFO - Secuencia completada para lote 31 de 465
2025-09-30 12:33:13,321 - views.main_view - INFO - Esperando 1 segundos antes del próximo lote...
2025-09-30 12:33:13,327 - views.main_view - INFO - Tiempo restante: 1 segundos
2025-09-30 12:33:14,337 - utils.config_manager - INFO - Configuración guardada correctamente
2025-09-30 12:33:14,347 - views.main_view - INFO - Procesando lote 32 de 465
2025-09-30 12:33:14,356 - views.main_view - INFO - Procesando archivo: LT 32.kml
2025-09-30 12:33:14,365 - views.main_view - INFO - Usando formato: LT
2025-09-30 12:33:17,355 - views.main_view - INFO - Botón 'img/b1.png' encontrado en (444, 220) - Confianza: 1.00
2025-09-30 12:33:22,360 - views.main_view - INFO - Botón 'img/b2.png' encontrado en (1388, 595) - Confianza: 1.00
2025-09-30 12:33:27,368 - views.main_view - INFO - Botón 'img/b3.png' encontrado en (1412, 634) - Confianza: 0.89
2025-09-30 12:33:31,236 - views.main_view - INFO - Botón 'img/b4.png' no encontrado. Mejor coincidencia: 0.46 (Intento 2)
2025-09-30 12:33:34,284 - views.main_view - INFO - Botón 'img/b4.png' encontrado en (1115, 654) - Confianza: 1.00
2025-09-30 12:33:37,549 - controllers.image_search_controller - INFO - Ventana encontrada con confianza: 1.00
2025-09-30 12:33:37,551 - controllers.image_search_controller - INFO - Coordenadas ventana: x=1040, y=330
2025-09-30 12:33:37,551 - controllers.image_search_controller - INFO - Coordenadas campo texto: x=1334, y=830
2025-09-30 12:33:37,553 - utils.ahk_manager - INFO - Comando enviado a AHK: 1334,830,LT 32.kml
2025-09-30 12:33:52,560 - views.main_view - INFO - Botón 'img/b1.png' encontrado en (444, 220) - Confianza: 1.00
2025-09-30 12:33:57,603 - views.main_view - INFO - Botón 'img/b6.png' encontrado en (1397, 665) - Confianza: 1.00
2025-09-30 12:34:02,613 - views.main_view - INFO - Botón 'img/b7.png' encontrado en (1251, 186) - Confianza: 1.00
2025-09-30 12:34:07,632 - views.main_view - INFO - Botón 'img/b8.png' encontrado en (1261, 404) - Confianza: 0.83
2025-09-30 12:34:07,647 - views.main_view - INFO - Presionando Enter 3 veces
2025-09-30 12:34:10,271 - views.main_view - INFO - Secuencia completada para lote 32 de 465
2025-09-30 12:34:10,281 - views.main_view - INFO - Esperando 1 segundos antes del próximo lote...
2025-09-30 12:34:10,287 - views.main_view - INFO - Tiempo restante: 1 segundos
2025-09-30 12:34:11,298 - utils.config_manager - INFO - Configuración guardada correctamente
2025-09-30 12:34:11,307 - views.main_view - INFO - Procesando lote 33 de 465
2025-09-30 12:34:11,315 - views.main_view - INFO - Procesando archivo: LT 33.kml
2025-09-30 12:34:11,323 - views.main_view - INFO - Usando formato: LT
2025-09-30 12:34:14,336 - views.main_view - INFO - Botón 'img/b1.png' encontrado en (444, 220) - Confianza: 1.00
2025-09-30 12:34:19,348 - views.main_view - INFO - Botón 'img/b2.png' encontrado en (1388, 595) - Confianza: 1.00
2025-09-30 12:34:24,356 - views.main_view - INFO - Botón 'img/b3.png' encontrado en (1412, 634) - Confianza: 0.89
2025-09-30 12:34:28,168 - views.main_view - INFO - Botón 'img/b4.png' no encontrado. Mejor coincidencia: 0.46 (Intento 2)
2025-09-30 12:34:31,226 - views.main_view - INFO - Botón 'img/b4.png' encontrado en (1115, 654) - Confianza: 1.00
2025-09-30 12:34:34,504 - controllers.image_search_controller - INFO - Ventana encontrada con confianza: 1.00
2025-09-30 12:34:34,506 - controllers.image_search_controller - INFO - Coordenadas ventana: x=1040, y=330
2025-09-30 12:34:34,506 - controllers.image_search_controller - INFO - Coordenadas campo texto: x=1334, y=830
2025-09-30 12:34:34,509 - utils.ahk_manager - INFO - Comando enviado a AHK: 1334,830,LT 33.kml
2025-09-30 12:34:49,519 - views.main_view - INFO - Botón 'img/b1.png' encontrado en (444, 220) - Confianza: 0.88
2025-09-30 12:34:54,538 - views.main_view - INFO - Botón 'img/b6.png' encontrado en (1397, 665) - Confianza: 1.00
2025-09-30 12:34:59,564 - views.main_view - INFO - Botón 'img/b7.png' encontrado en (1251, 186) - Confianza: 1.00
2025-09-30 12:35:03,381 - views.main_view - INFO - Botón 'img/b8.png' no encontrado. Mejor coincidencia: 0.60 (Intento 2)
2025-09-30 12:35:06,373 - views.main_view - INFO - Botón 'img/b8.png' encontrado en (1261, 404) - Confianza: 0.83
2025-09-30 12:35:06,388 - views.main_view - INFO - Presionando Enter 3 veces
2025-09-30 12:35:09,010 - views.main_view - INFO - Secuencia completada para lote 33 de 465
2025-09-30 12:35:09,020 - views.main_view - INFO - Esperando 1 segundos antes del próximo lote...
2025-09-30 12:35:09,027 - views.main_view - INFO - Tiempo restante: 1 segundos
2025-09-30 12:35:10,037 - utils.config_manager - INFO - Configuración guardada correctamente
2025-09-30 12:35:10,047 - views.main_view - INFO - Procesando lote 34 de 465
2025-09-30 12:35:10,056 - views.main_view - INFO - Procesando archivo: LT 34.kml
2025-09-30 12:35:10,065 - views.main_view - INFO - Usando formato: LT
2025-09-30 12:35:13,080 - views.main_view - INFO - Botón 'img/b1.png' encontrado en (444, 220) - Confianza: 1.00
2025-09-30 12:35:18,074 - views.main_view - INFO - Botón 'img/b2.png' encontrado en (1388, 595) - Confianza: 1.00
2025-09-30 12:35:21,895 - views.main_view - INFO - Botón 'img/b3.png' no encontrado. Mejor coincidencia: 0.61 (Intento 2)
2025-09-30 12:35:23,705 - views.main_view - INFO - Botón 'img/b3.png' no encontrado. Mejor coincidencia: 0.61 (Intento 3)
2025-09-30 12:35:25,515 - views.main_view - INFO - Botón 'img/b3.png' no encontrado. Mejor coincidencia: 0.61 (Intento 4)
2025-09-30 12:35:27,341 - views.main_view - INFO - Botón 'img/b3.png' no encontrado. Mejor coincidencia: 0.61 (Intento 5)
2025-09-30 12:35:29,153 - views.main_view - INFO - Botón 'img/b3.png' no encontrado. Mejor coincidencia: 0.61 (Intento 6)
2025-09-30 12:35:30,973 - views.main_view - INFO - Botón 'img/b3.png' no encontrado. Mejor coincidencia: 0.61 (Intento 7)
2025-09-30 12:35:32,819 - views.main_view - INFO - Botón 'img/b3.png' no encontrado. Mejor coincidencia: 0.61 (Intento 8)
2025-09-30 12:35:34,637 - views.main_view - INFO - Botón 'img/b3.png' no encontrado. Mejor coincidencia: 0.61 (Intento 9)
2025-09-30 12:35:36,422 - views.main_view - INFO - Botón 'img/b3.png' no encontrado. Mejor coincidencia: 0.61 (Intento 10)
2025-09-30 12:35:36,694 - models.image_search_model - INFO - Intento 10: Mejor coincidencia: 0.61
2025-09-30 12:35:46,716 - views.main_view - INFO - Botón 'img/b3.png' no encontrado. Mejor coincidencia: 0.61 (Intento 11)
2025-09-30 12:35:48,524 - views.main_view - INFO - Botón 'img/b3.png' no encontrado. Mejor coincidencia: 0.61 (Intento 12)
2025-09-30 12:35:50,304 - views.main_view - INFO - Botón 'img/b3.png' no encontrado. Mejor coincidencia: 0.61 (Intento 13)
2025-09-30 12:35:52,132 - views.main_view - INFO - Botón 'img/b3.png' no encontrado. Mejor coincidencia: 0.61 (Intento 14)
2025-09-30 12:35:53,973 - views.main_view - INFO - Botón 'img/b3.png' no encontrado. Mejor coincidencia: 0.61 (Intento 15)
2025-09-30 12:35:55,769 - views.main_view - INFO - Botón 'img/b3.png' no encontrado. Mejor coincidencia: 0.61 (Intento 16)
2025-09-30 12:35:57,599 - views.main_view - INFO - Botón 'img/b3.png' no encontrado. Mejor coincidencia: 0.61 (Intento 17)
2025-09-30 12:35:59,438 - views.main_view - INFO - Botón 'img/b3.png' no encontrado. Mejor coincidencia: 0.61 (Intento 18)
2025-09-30 12:36:01,247 - views.main_view - INFO - Botón 'img/b3.png' no encontrado. Mejor coincidencia: 0.61 (Intento 19)
2025-09-30 12:36:03,049 - views.main_view - INFO - Botón 'img/b3.png' no encontrado. Mejor coincidencia: 0.61 (Intento 20)
2025-09-30 12:36:03,330 - models.image_search_model - INFO - Intento 20: Mejor coincidencia: 0.61
2025-09-30 12:36:13,346 - views.main_view - INFO - Botón 'img/b3.png' no encontrado. Mejor coincidencia: 0.61 (Intento 21)
2025-09-30 12:36:15,159 - views.main_view - INFO - Botón 'img/b3.png' no encontrado. Mejor coincidencia: 0.61 (Intento 22)
2025-09-30 12:36:16,993 - views.main_view - INFO - Botón 'img/b3.png' no encontrado. Mejor coincidencia: 0.61 (Intento 23)
2025-09-30 12:36:18,832 - views.main_view - INFO - Botón 'img/b3.png' no encontrado. Mejor coincidencia: 0.61 (Intento 24)
2025-09-30 12:36:20,619 - views.main_view - INFO - Botón 'img/b3.png' no encontrado. Mejor coincidencia: 0.61 (Intento 25)
2025-09-30 12:36:22,430 - views.main_view - INFO - Botón 'img/b3.png' no encontrado. Mejor coincidencia: 0.61 (Intento 26)
2025-09-30 12:36:24,254 - views.main_view - INFO - Botón 'img/b3.png' no encontrado. Mejor coincidencia: 0.61 (Intento 27)
2025-09-30 12:36:26,086 - views.main_view - INFO - Botón 'img/b3.png' no encontrado. Mejor coincidencia: 0.61 (Intento 28)
2025-09-30 12:36:27,883 - views.main_view - INFO - Botón 'img/b3.png' no encontrado. Mejor coincidencia: 0.61 (Intento 29)
2025-09-30 12:36:29,701 - views.main_view - INFO - Botón 'img/b3.png' no encontrado. Mejor coincidencia: 0.61 (Intento 30)
2025-09-30 12:36:30,017 - models.image_search_model - INFO - Intento 30: Mejor coincidencia: 0.61
2025-09-30 12:36:40,035 - views.main_view - INFO - Botón 'img/b3.png' no encontrado. Mejor coincidencia: 0.61 (Intento 31)
2025-09-30 12:36:41,870 - views.main_view - INFO - Botón 'img/b3.png' no encontrado. Mejor coincidencia: 0.61 (Intento 32)
2025-09-30 12:36:43,664 - views.main_view - INFO - Botón 'img/b3.png' no encontrado. Mejor coincidencia: 0.61 (Intento 33)
2025-09-30 12:36:45,487 - views.main_view - INFO - Botón 'img/b3.png' no encontrado. Mejor coincidencia: 0.61 (Intento 34)
2025-09-30 12:36:47,301 - views.main_view - INFO - Botón 'img/b3.png' no encontrado. Mejor coincidencia: 0.61 (Intento 35)
2025-09-30 12:36:49,126 - views.main_view - INFO - Botón 'img/b3.png' no encontrado. Mejor coincidencia: 0.61 (Intento 36)
2025-09-30 12:36:50,929 - views.main_view - INFO - Botón 'img/b3.png' no encontrado. Mejor coincidencia: 0.61 (Intento 37)
2025-09-30 12:36:52,715 - views.main_view - INFO - Botón 'img/b3.png' no encontrado. Mejor coincidencia: 0.61 (Intento 38)
2025-09-30 12:36:54,530 - views.main_view - INFO - Botón 'img/b3.png' no encontrado. Mejor coincidencia: 0.61 (Intento 39)
2025-09-30 12:36:56,331 - views.main_view - INFO - Botón 'img/b3.png' no encontrado. Mejor coincidencia: 0.61 (Intento 40)
2025-09-30 12:36:56,638 - models.image_search_model - INFO - Intento 40: Mejor coincidencia: 0.61
2025-09-30 12:37:06,645 - views.main_view - INFO - Botón 'img/b3.png' no encontrado. Mejor coincidencia: 0.61 (Intento 41)
2025-09-30 12:37:09,684 - views.main_view - INFO - Botón 'img/b3.png' encontrado en (1412, 634) - Confianza: 0.89
2025-09-30 12:37:14,734 - views.main_view - INFO - Botón 'img/b4.png' encontrado en (1115, 654) - Confianza: 1.00
2025-09-30 12:37:17,989 - controllers.image_search_controller - INFO - Ventana encontrada con confianza: 1.00
2025-09-30 12:37:17,991 - controllers.image_search_controller - INFO - Coordenadas ventana: x=1040, y=330
2025-09-30 12:37:17,991 - controllers.image_search_controller - INFO - Coordenadas campo texto: x=1334, y=830
2025-09-30 12:37:17,994 - utils.ahk_manager - INFO - Comando enviado a AHK: 1334,830,LT 34.kml
2025-09-30 12:37:33,004 - views.main_view - INFO - Botón 'img/b1.png' encontrado en (444, 220) - Confianza: 0.88
2025-09-30 12:37:38,024 - views.main_view - INFO - Botón 'img/b6.png' encontrado en (1397, 665) - Confianza: 1.00
2025-09-30 12:37:43,037 - views.main_view - INFO - Botón 'img/b7.png' encontrado en (1251, 186) - Confianza: 1.00
2025-09-30 12:37:48,053 - views.main_view - INFO - Botón 'img/b8.png' encontrado en (1261, 404) - Confianza: 0.83
2025-09-30 12:37:48,068 - views.main_view - INFO - Presionando Enter 3 veces
2025-09-30 12:37:50,689 - views.main_view - INFO - Secuencia completada para lote 34 de 465
2025-09-30 12:37:50,696 - views.main_view - INFO - Esperando 1 segundos antes del próximo lote...
2025-09-30 12:37:50,705 - views.main_view - INFO - Tiempo restante: 1 segundos
2025-09-30 12:37:51,715 - utils.config_manager - INFO - Configuración guardada correctamente
2025-09-30 12:37:51,725 - views.main_view - INFO - Procesando lote 35 de 465
2025-09-30 12:37:51,736 - views.main_view - INFO - Procesando archivo: LT 35.kml
2025-09-30 12:37:51,750 - views.main_view - INFO - Usando formato: LT
2025-09-30 12:37:54,757 - views.main_view - INFO - Botón 'img/b1.png' encontrado en (444, 220) - Confianza: 1.00
2025-09-30 12:37:59,768 - views.main_view - INFO - Botón 'img/b2.png' encontrado en (1388, 595) - Confianza: 1.00
2025-09-30 12:38:04,772 - views.main_view - INFO - Botón 'img/b3.png' encontrado en (1412, 634) - Confianza: 0.89
2025-09-30 12:38:08,593 - views.main_view - INFO - Botón 'img/b4.png' no encontrado. Mejor coincidencia: 0.46 (Intento 2)
2025-09-30 12:38:11,644 - views.main_view - INFO - Botón 'img/b4.png' encontrado en (1115, 654) - Confianza: 1.00
2025-09-30 12:38:14,930 - controllers.image_search_controller - INFO - Ventana encontrada con confianza: 1.00
2025-09-30 12:38:14,932 - controllers.image_search_controller - INFO - Coordenadas ventana: x=1040, y=330
2025-09-30 12:38:14,932 - controllers.image_search_controller - INFO - Coordenadas campo texto: x=1334, y=830
2025-09-30 12:38:14,934 - utils.ahk_manager - INFO - Comando enviado a AHK: 1334,830,LT 35.kml
2025-09-30 12:38:29,940 - views.main_view - INFO - Botón 'img/b1.png' encontrado en (444, 220) - Confianza: 1.00
2025-09-30 12:38:34,964 - views.main_view - INFO - Botón 'img/b6.png' encontrado en (1397, 665) - Confianza: 1.00
2025-09-30 12:38:39,955 - views.main_view - INFO - Botón 'img/b7.png' encontrado en (1251, 186) - Confianza: 1.00
2025-09-30 12:38:44,973 - views.main_view - INFO - Botón 'img/b8.png' encontrado en (1261, 404) - Confianza: 0.83
2025-09-30 12:38:44,981 - views.main_view - INFO - Presionando Enter 3 veces
2025-09-30 12:38:47,604 - views.main_view - INFO - Secuencia completada para lote 35 de 465
2025-09-30 12:38:47,613 - views.main_view - INFO - Esperando 1 segundos antes del próximo lote...
2025-09-30 12:38:47,620 - views.main_view - INFO - Tiempo restante: 1 segundos
2025-09-30 12:38:48,629 - utils.config_manager - INFO - Configuración guardada correctamente
2025-09-30 12:38:48,639 - views.main_view - INFO - Procesando lote 36 de 465
2025-09-30 12:38:48,646 - views.main_view - INFO - Procesando archivo: LT 36.kml
2025-09-30 12:38:48,657 - views.main_view - INFO - Usando formato: LT
2025-09-30 12:38:51,699 - views.main_view - INFO - Botón 'img/b1.png' encontrado en (444, 220) - Confianza: 1.00
2025-09-30 12:38:56,710 - views.main_view - INFO - Botón 'img/b2.png' encontrado en (1388, 595) - Confianza: 1.00
2025-09-30 12:39:01,722 - views.main_view - INFO - Botón 'img/b3.png' encontrado en (1412, 634) - Confianza: 0.89
2025-09-30 12:39:06,794 - views.main_view - INFO - Botón 'img/b4.png' encontrado en (1115, 654) - Confianza: 1.00
2025-09-30 12:39:10,073 - controllers.image_search_controller - INFO - Ventana encontrada con confianza: 1.00
2025-09-30 12:39:10,074 - controllers.image_search_controller - INFO - Coordenadas ventana: x=1040, y=330
2025-09-30 12:39:10,075 - controllers.image_search_controller - INFO - Coordenadas campo texto: x=1334, y=830
2025-09-30 12:39:10,077 - utils.ahk_manager - INFO - Comando enviado a AHK: 1334,830,LT 36.kml
2025-09-30 12:39:25,079 - views.main_view - INFO - Botón 'img/b1.png' encontrado en (444, 220) - Confianza: 1.00
2025-09-30 12:39:30,096 - views.main_view - INFO - Botón 'img/b6.png' encontrado en (1397, 665) - Confianza: 1.00
2025-09-30 12:39:35,093 - views.main_view - INFO - Botón 'img/b7.png' encontrado en (1251, 186) - Confianza: 1.00
2025-09-30 12:39:40,148 - views.main_view - INFO - Botón 'img/b8.png' encontrado en (1261, 404) - Confianza: 0.83
2025-09-30 12:39:40,163 - views.main_view - INFO - Presionando Enter 3 veces
2025-09-30 12:39:42,784 - views.main_view - INFO - Secuencia completada para lote 36 de 465
2025-09-30 12:39:42,797 - views.main_view - INFO - Esperando 1 segundos antes del próximo lote...
2025-09-30 12:39:42,806 - views.main_view - INFO - Tiempo restante: 1 segundos
2025-09-30 12:39:43,813 - utils.config_manager - INFO - Configuración guardada correctamente
2025-09-30 12:39:43,820 - views.main_view - INFO - Procesando lote 37 de 465
2025-09-30 12:39:43,823 - views.main_view - INFO - Procesando archivo: LT 37.kml
2025-09-30 12:39:43,827 - views.main_view - INFO - Usando formato: LT
2025-09-30 12:39:46,795 - views.main_view - INFO - Botón 'img/b1.png' encontrado en (444, 220) - Confianza: 1.00
2025-09-30 12:39:51,772 - views.main_view - INFO - Botón 'img/b2.png' encontrado en (1388, 595) - Confianza: 1.00
2025-09-30 12:39:56,796 - views.main_view - INFO - Botón 'img/b3.png' encontrado en (1412, 634) - Confianza: 0.89
2025-09-30 12:40:01,818 - views.main_view - INFO - Botón 'img/b4.png' encontrado en (1115, 654) - Confianza: 1.00
2025-09-30 12:40:05,110 - controllers.image_search_controller - INFO - Ventana encontrada con confianza: 1.00
2025-09-30 12:40:05,111 - controllers.image_search_controller - INFO - Coordenadas ventana: x=1040, y=330
2025-09-30 12:40:05,112 - controllers.image_search_controller - INFO - Coordenadas campo texto: x=1334, y=830
2025-09-30 12:40:05,114 - utils.ahk_manager - INFO - Comando enviado a AHK: 1334,830,LT 37.kml
2025-09-30 12:40:20,129 - views.main_view - INFO - Botón 'img/b1.png' encontrado en (444, 220) - Confianza: 1.00
2025-09-30 12:40:25,176 - views.main_view - INFO - Botón 'img/b6.png' encontrado en (1397, 665) - Confianza: 1.00
2025-09-30 12:40:30,189 - views.main_view - INFO - Botón 'img/b7.png' encontrado en (1251, 186) - Confianza: 1.00
2025-09-30 12:40:35,202 - views.main_view - INFO - Botón 'img/b8.png' encontrado en (1261, 404) - Confianza: 0.83
2025-09-30 12:40:35,217 - views.main_view - INFO - Presionando Enter 3 veces
2025-09-30 12:40:37,830 - views.main_view - INFO - Secuencia completada para lote 37 de 465
2025-09-30 12:40:37,835 - views.main_view - INFO - Esperando 1 segundos antes del próximo lote...
2025-09-30 12:40:37,840 - views.main_view - INFO - Tiempo restante: 1 segundos
2025-09-30 12:40:38,844 - utils.config_manager - INFO - Configuración guardada correctamente
2025-09-30 12:40:38,847 - views.main_view - INFO - Procesando lote 38 de 465
2025-09-30 12:40:38,849 - views.main_view - INFO - Procesando archivo: LT 38.kml
2025-09-30 12:40:38,851 - views.main_view - INFO - Usando formato: LT
2025-09-30 12:40:41,836 - views.main_view - INFO - Botón 'img/b1.png' encontrado en (444, 220) - Confianza: 1.00
2025-09-30 12:40:46,815 - views.main_view - INFO - Botón 'img/b2.png' encontrado en (1388, 595) - Confianza: 1.00
2025-09-30 12:40:51,819 - views.main_view - INFO - Botón 'img/b3.png' encontrado en (1412, 634) - Confianza: 0.89
2025-09-30 12:40:56,830 - views.main_view - INFO - Botón 'img/b4.png' encontrado en (1115, 654) - Confianza: 1.00
2025-09-30 12:41:00,128 - controllers.image_search_controller - INFO - Ventana encontrada con confianza: 1.00
2025-09-30 12:41:00,130 - controllers.image_search_controller - INFO - Coordenadas ventana: x=1040, y=330
2025-09-30 12:41:00,130 - controllers.image_search_controller - INFO - Coordenadas campo texto: x=1334, y=830
2025-09-30 12:41:00,133 - utils.ahk_manager - INFO - Comando enviado a AHK: 1334,830,LT 38.kml
2025-09-30 12:41:15,148 - views.main_view - INFO - Botón 'img/b1.png' encontrado en (444, 220) - Confianza: 1.00
2025-09-30 12:41:20,148 - views.main_view - INFO - Botón 'img/b6.png' encontrado en (1397, 665) - Confianza: 1.00
2025-09-30 12:41:25,160 - views.main_view - INFO - Botón 'img/b7.png' encontrado en (1251, 186) - Confianza: 1.00
2025-09-30 12:41:30,168 - views.main_view - INFO - Botón 'img/b8.png' encontrado en (1261, 404) - Confianza: 0.83
2025-09-30 12:41:30,176 - views.main_view - INFO - Presionando Enter 3 veces
2025-09-30 12:41:32,821 - views.main_view - INFO - Secuencia completada para lote 38 de 465
2025-09-30 12:41:32,825 - views.main_view - INFO - Esperando 1 segundos antes del próximo lote...
2025-09-30 12:41:32,833 - views.main_view - INFO - Tiempo restante: 1 segundos
2025-09-30 12:41:33,842 - utils.config_manager - INFO - Configuración guardada correctamente
2025-09-30 12:41:33,852 - views.main_view - INFO - Procesando lote 39 de 465
2025-09-30 12:41:33,859 - views.main_view - INFO - Procesando archivo: LT 39.kml
2025-09-30 12:41:33,869 - views.main_view - INFO - Usando formato: LT
2025-09-30 12:41:36,902 - views.main_view - INFO - Botón 'img/b1.png' encontrado en (444, 220) - Confianza: 1.00
2025-09-30 12:41:41,923 - views.main_view - INFO - Botón 'img/b2.png' encontrado en (1388, 595) - Confianza: 1.00
2025-09-30 12:41:46,958 - views.main_view - INFO - Botón 'img/b3.png' encontrado en (1412, 634) - Confianza: 0.89
2025-09-30 12:41:50,796 - views.main_view - INFO - Botón 'img/b4.png' no encontrado. Mejor coincidencia: 0.46 (Intento 2)
2025-09-30 12:41:53,816 - views.main_view - INFO - Botón 'img/b4.png' encontrado en (1115, 654) - Confianza: 1.00
2025-09-30 12:41:57,055 - controllers.image_search_controller - INFO - Ventana encontrada con confianza: 1.00
2025-09-30 12:41:57,057 - controllers.image_search_controller - INFO - Coordenadas ventana: x=1040, y=330
2025-09-30 12:41:57,057 - controllers.image_search_controller - INFO - Coordenadas campo texto: x=1334, y=830
2025-09-30 12:41:57,059 - utils.ahk_manager - INFO - Comando enviado a AHK: 1334,830,LT 39.kml
2025-09-30 12:42:12,047 - views.main_view - INFO - Botón 'img/b1.png' encontrado en (444, 220) - Confianza: 0.88
2025-09-30 12:42:17,076 - views.main_view - INFO - Botón 'img/b6.png' encontrado en (1397, 665) - Confianza: 1.00
2025-09-30 12:42:22,053 - views.main_view - INFO - Botón 'img/b7.png' encontrado en (1251, 186) - Confianza: 1.00
2025-09-30 12:42:27,086 - views.main_view - INFO - Botón 'img/b8.png' encontrado en (1261, 404) - Confianza: 0.83
2025-09-30 12:42:27,102 - views.main_view - INFO - Presionando Enter 3 veces
2025-09-30 12:42:29,721 - views.main_view - INFO - Secuencia completada para lote 39 de 465
2025-09-30 12:42:29,725 - views.main_view - INFO - Esperando 1 segundos antes del próximo lote...
2025-09-30 12:42:29,731 - views.main_view - INFO - Tiempo restante: 1 segundos
2025-09-30 12:42:30,741 - utils.config_manager - INFO - Configuración guardada correctamente
2025-09-30 12:42:30,750 - views.main_view - INFO - Procesando lote 40 de 465
2025-09-30 12:42:30,758 - views.main_view - INFO - Procesando archivo: LT 40.kml
2025-09-30 12:42:30,767 - views.main_view - INFO - Usando formato: LT
2025-09-30 12:42:33,754 - views.main_view - INFO - Botón 'img/b1.png' encontrado en (444, 220) - Confianza: 1.00
2025-09-30 12:42:38,721 - views.main_view - INFO - Botón 'img/b2.png' encontrado en (1388, 595) - Confianza: 1.00
2025-09-30 12:42:43,740 - views.main_view - INFO - Botón 'img/b3.png' encontrado en (1412, 634) - Confianza: 0.89
2025-09-30 12:42:47,581 - views.main_view - INFO - Botón 'img/b4.png' no encontrado. Mejor coincidencia: 0.46 (Intento 2)
2025-09-30 12:42:50,620 - views.main_view - INFO - Botón 'img/b4.png' encontrado en (1115, 654) - Confianza: 1.00
2025-09-30 12:42:53,945 - controllers.image_search_controller - INFO - Ventana encontrada con confianza: 1.00
2025-09-30 12:42:53,947 - controllers.image_search_controller - INFO - Coordenadas ventana: x=1040, y=330
2025-09-30 12:42:53,947 - controllers.image_search_controller - INFO - Coordenadas campo texto: x=1334, y=830
2025-09-30 12:42:53,949 - utils.ahk_manager - INFO - Comando enviado a AHK: 1334,830,LT 40.kml
2025-09-30 12:43:08,979 - views.main_view - INFO - Botón 'img/b1.png' encontrado en (444, 220) - Confianza: 1.00
2025-09-30 12:43:13,993 - views.main_view - INFO - Botón 'img/b6.png' encontrado en (1397, 665) - Confianza: 1.00
2025-09-30 12:43:19,021 - views.main_view - INFO - Botón 'img/b7.png' encontrado en (1251, 186) - Confianza: 1.00
2025-09-30 12:43:24,078 - views.main_view - INFO - Botón 'img/b8.png' encontrado en (1261, 404) - Confianza: 0.83
2025-09-30 12:43:24,092 - views.main_view - INFO - Presionando Enter 3 veces
2025-09-30 12:43:26,719 - views.main_view - INFO - Presionando 'S' para guardar cambios
2025-09-30 12:43:27,833 - views.main_view - INFO - Secuencia completada para lote 40 de 465
2025-09-30 12:43:27,845 - views.main_view - INFO - Esperando 1 segundos antes del próximo lote...
2025-09-30 12:43:27,849 - views.main_view - INFO - Tiempo restante: 1 segundos
2025-09-30 12:43:28,854 - utils.config_manager - INFO - Configuración guardada correctamente
2025-09-30 12:43:28,857 - views.main_view - INFO - Procesando lote 41 de 465
2025-09-30 12:43:28,861 - views.main_view - INFO - Procesando archivo: LT 41.kml
2025-09-30 12:43:28,863 - views.main_view - INFO - Usando formato: LT
2025-09-30 12:43:31,836 - views.main_view - INFO - Botón 'img/b1.png' encontrado en (444, 220) - Confianza: 1.00
2025-09-30 12:43:36,824 - views.main_view - INFO - Botón 'img/b2.png' encontrado en (1388, 595) - Confianza: 1.00
2025-09-30 12:43:41,829 - views.main_view - INFO - Botón 'img/b3.png' encontrado en (1412, 634) - Confianza: 0.89
2025-09-30 12:43:46,844 - views.main_view - INFO - Botón 'img/b4.png' encontrado en (1115, 654) - Confianza: 1.00
2025-09-30 12:43:50,156 - controllers.image_search_controller - INFO - Ventana encontrada con confianza: 1.00
2025-09-30 12:43:50,158 - controllers.image_search_controller - INFO - Coordenadas ventana: x=1040, y=330
2025-09-30 12:43:50,158 - controllers.image_search_controller - INFO - Coordenadas campo texto: x=1334, y=830
2025-09-30 12:43:50,161 - utils.ahk_manager - INFO - Comando enviado a AHK: 1334,830,LT 41.kml
2025-09-30 12:44:05,145 - views.main_view - INFO - Botón 'img/b1.png' encontrado en (444, 220) - Confianza: 0.88
2025-09-30 12:44:10,158 - views.main_view - INFO - Botón 'img/b6.png' encontrado en (1397, 665) - Confianza: 1.00
2025-09-30 12:44:15,160 - views.main_view - INFO - Botón 'img/b7.png' encontrado en (1251, 186) - Confianza: 1.00
2025-09-30 12:44:20,171 - views.main_view - INFO - Botón 'img/b8.png' encontrado en (1261, 404) - Confianza: 0.83
2025-09-30 12:44:20,186 - views.main_view - INFO - Presionando Enter 3 veces
2025-09-30 12:44:22,827 - views.main_view - INFO - Secuencia completada para lote 41 de 465
2025-09-30 12:44:22,830 - views.main_view - INFO - Esperando 1 segundos antes del próximo lote...
2025-09-30 12:44:22,835 - views.main_view - INFO - Tiempo restante: 1 segundos
2025-09-30 12:44:23,841 - utils.config_manager - INFO - Configuración guardada correctamente
2025-09-30 12:44:23,848 - views.main_view - INFO - Procesando lote 42 de 465
2025-09-30 12:44:23,852 - views.main_view - INFO - Procesando archivo: LT 42.kml
2025-09-30 12:44:23,854 - views.main_view - INFO - Usando formato: LT
2025-09-30 12:44:26,832 - views.main_view - INFO - Botón 'img/b1.png' encontrado en (444, 220) - Confianza: 1.00
2025-09-30 12:44:31,830 - views.main_view - INFO - Botón 'img/b2.png' encontrado en (1388, 595) - Confianza: 1.00
2025-09-30 12:44:36,824 - views.main_view - INFO - Botón 'img/b3.png' encontrado en (1412, 634) - Confianza: 0.89
2025-09-30 12:44:40,656 - views.main_view - INFO - Botón 'img/b4.png' no encontrado. Mejor coincidencia: 0.46 (Intento 2)
2025-09-30 12:44:43,738 - views.main_view - INFO - Botón 'img/b4.png' encontrado en (1115, 654) - Confianza: 1.00
2025-09-30 12:44:47,052 - controllers.image_search_controller - INFO - Ventana encontrada con confianza: 1.00
2025-09-30 12:44:47,054 - controllers.image_search_controller - INFO - Coordenadas ventana: x=1040, y=330
2025-09-30 12:44:47,054 - controllers.image_search_controller - INFO - Coordenadas campo texto: x=1334, y=830
2025-09-30 12:44:47,057 - utils.ahk_manager - INFO - Comando enviado a AHK: 1334,830,LT 42.kml
2025-09-30 12:45:02,057 - views.main_view - INFO - Botón 'img/b1.png' encontrado en (444, 220) - Confianza: 1.00
2025-09-30 12:45:07,070 - views.main_view - INFO - Botón 'img/b6.png' encontrado en (1397, 665) - Confianza: 1.00
2025-09-30 12:45:12,085 - views.main_view - INFO - Botón 'img/b7.png' encontrado en (1251, 186) - Confianza: 1.00
2025-09-30 12:45:17,101 - views.main_view - INFO - Botón 'img/b8.png' encontrado en (1261, 404) - Confianza: 0.83
2025-09-30 12:45:17,116 - views.main_view - INFO - Presionando Enter 3 veces
2025-09-30 12:45:19,738 - views.main_view - INFO - Secuencia completada para lote 42 de 465
2025-09-30 12:45:19,747 - views.main_view - INFO - Esperando 1 segundos antes del próximo lote...
2025-09-30 12:45:19,756 - views.main_view - INFO - Tiempo restante: 1 segundos
2025-09-30 12:45:20,766 - utils.config_manager - INFO - Configuración guardada correctamente
2025-09-30 12:45:20,776 - views.main_view - INFO - Procesando lote 43 de 465
2025-09-30 12:45:20,785 - views.main_view - INFO - Procesando archivo: LT 43.kml
2025-09-30 12:45:20,795 - views.main_view - INFO - Usando formato: LT
2025-09-30 12:45:23,798 - views.main_view - INFO - Botón 'img/b1.png' encontrado en (444, 220) - Confianza: 1.00
2025-09-30 12:45:28,809 - views.main_view - INFO - Botón 'img/b2.png' encontrado en (1388, 595) - Confianza: 1.00
2025-09-30 12:45:33,820 - views.main_view - INFO - Botón 'img/b3.png' encontrado en (1412, 634) - Confianza: 0.89
2025-09-30 12:45:37,644 - views.main_view - INFO - Botón 'img/b4.png' no encontrado. Mejor coincidencia: 0.46 (Intento 2)
2025-09-30 12:45:40,702 - views.main_view - INFO - Botón 'img/b4.png' encontrado en (1115, 654) - Confianza: 1.00
2025-09-30 12:45:44,006 - controllers.image_search_controller - INFO - Ventana encontrada con confianza: 1.00
2025-09-30 12:45:44,008 - controllers.image_search_controller - INFO - Coordenadas ventana: x=1040, y=330
2025-09-30 12:45:44,008 - controllers.image_search_controller - INFO - Coordenadas campo texto: x=1334, y=830
2025-09-30 12:45:44,010 - utils.ahk_manager - INFO - Comando enviado a AHK: 1334,830,LT 43.kml
2025-09-30 12:45:59,003 - views.main_view - INFO - Botón 'img/b1.png' encontrado en (444, 220) - Confianza: 0.88
2025-09-30 12:46:04,021 - views.main_view - INFO - Botón 'img/b6.png' encontrado en (1397, 665) - Confianza: 1.00
2025-09-30 12:46:09,036 - views.main_view - INFO - Botón 'img/b7.png' encontrado en (1251, 186) - Confianza: 1.00
2025-09-30 12:46:14,037 - views.main_view - INFO - Botón 'img/b8.png' encontrado en (1261, 404) - Confianza: 0.83
2025-09-30 12:46:14,044 - views.main_view - INFO - Presionando Enter 3 veces
2025-09-30 12:46:16,658 - views.main_view - INFO - Secuencia completada para lote 43 de 465
2025-09-30 12:46:16,662 - views.main_view - INFO - Esperando 1 segundos antes del próximo lote...
2025-09-30 12:46:16,665 - views.main_view - INFO - Tiempo restante: 1 segundos
2025-09-30 12:46:17,675 - utils.config_manager - INFO - Configuración guardada correctamente
2025-09-30 12:46:17,685 - views.main_view - INFO - Procesando lote 44 de 465
2025-09-30 12:46:17,692 - views.main_view - INFO - Procesando archivo: LT 44.kml
2025-09-30 12:46:17,701 - views.main_view - INFO - Usando formato: LT
2025-09-30 12:46:20,697 - views.main_view - INFO - Botón 'img/b1.png' encontrado en (444, 220) - Confianza: 1.00
2025-09-30 12:46:25,706 - views.main_view - INFO - Botón 'img/b2.png' encontrado en (1388, 595) - Confianza: 1.00
2025-09-30 12:46:30,726 - views.main_view - INFO - Botón 'img/b3.png' encontrado en (1412, 634) - Confianza: 0.89
2025-09-30 12:46:35,750 - views.main_view - INFO - Botón 'img/b4.png' encontrado en (1115, 654) - Confianza: 1.00
2025-09-30 12:46:39,058 - controllers.image_search_controller - INFO - Ventana encontrada con confianza: 1.00
2025-09-30 12:46:39,060 - controllers.image_search_controller - INFO - Coordenadas ventana: x=1040, y=330
2025-09-30 12:46:39,060 - controllers.image_search_controller - INFO - Coordenadas campo texto: x=1334, y=830
2025-09-30 12:46:39,062 - utils.ahk_manager - INFO - Comando enviado a AHK: 1334,830,LT 44.kml
2025-09-30 12:46:54,052 - views.main_view - INFO - Botón 'img/b1.png' encontrado en (444, 220) - Confianza: 1.00
2025-09-30 12:46:59,087 - views.main_view - INFO - Botón 'img/b6.png' encontrado en (1397, 665) - Confianza: 1.00
2025-09-30 12:47:04,087 - views.main_view - INFO - Botón 'img/b7.png' encontrado en (1251, 186) - Confianza: 1.00
2025-09-30 12:47:09,088 - views.main_view - INFO - Botón 'img/b8.png' encontrado en (1261, 404) - Confianza: 0.83
2025-09-30 12:47:09,103 - views.main_view - INFO - Presionando Enter 3 veces
2025-09-30 12:47:11,716 - views.main_view - INFO - Secuencia completada para lote 44 de 465
2025-09-30 12:47:11,718 - views.main_view - INFO - Esperando 1 segundos antes del próximo lote...
2025-09-30 12:47:11,720 - views.main_view - INFO - Tiempo restante: 1 segundos
2025-09-30 12:47:12,724 - utils.config_manager - INFO - Configuración guardada correctamente
2025-09-30 12:47:12,728 - views.main_view - INFO - Procesando lote 45 de 465
2025-09-30 12:47:12,731 - views.main_view - INFO - Procesando archivo: LT 45.kml
2025-09-30 12:47:12,735 - views.main_view - INFO - Usando formato: LT
2025-09-30 12:47:13,908 - views.main_view - INFO - Búsqueda pausada (Presione ESC para reanudar)
2025-09-30 12:47:15,770 - views.main_view - INFO - Botón 'img/b1.png' encontrado en (444, 220) - Confianza: 1.00
2025-09-30 12:48:57,938 - views.pause_window - INFO - Reanudando proceso desde ventana de pausa
2025-09-30 12:48:58,000 - views.main_view - INFO - Búsqueda reanudada
2025-09-30 12:49:01,008 - views.main_view - INFO - Botón 'img/b2.png' encontrado en (1405, 595) - Confianza: 0.96
2025-09-30 12:49:06,002 - views.main_view - INFO - Botón 'img/b3.png' encontrado en (1412, 634) - Confianza: 0.89
2025-09-30 12:49:11,029 - views.main_view - INFO - Botón 'img/b4.png' encontrado en (1115, 654) - Confianza: 1.00
2025-09-30 12:49:14,314 - controllers.image_search_controller - INFO - Ventana encontrada con confianza: 1.00
2025-09-30 12:49:14,316 - controllers.image_search_controller - INFO - Coordenadas ventana: x=1040, y=330
2025-09-30 12:49:14,316 - controllers.image_search_controller - INFO - Coordenadas campo texto: x=1334, y=830
2025-09-30 12:49:14,319 - utils.ahk_manager - INFO - Comando enviado a AHK: 1334,830,LT 45.kml
2025-09-30 12:49:29,365 - views.main_view - INFO - Botón 'img/b1.png' encontrado en (444, 220) - Confianza: 1.00
2025-09-30 12:49:34,391 - views.main_view - INFO - Botón 'img/b6.png' encontrado en (1397, 665) - Confianza: 1.00
2025-09-30 12:49:39,390 - views.main_view - INFO - Botón 'img/b7.png' encontrado en (1251, 186) - Confianza: 1.00
2025-09-30 12:49:44,421 - views.main_view - INFO - Botón 'img/b8.png' encontrado en (1261, 404) - Confianza: 0.83
2025-09-30 12:49:44,435 - views.main_view - INFO - Presionando Enter 3 veces
2025-09-30 12:49:47,067 - views.main_view - INFO - Secuencia completada para lote 45 de 465
2025-09-30 12:49:47,078 - views.main_view - INFO - Esperando 1 segundos antes del próximo lote...
2025-09-30 12:49:47,089 - views.main_view - INFO - Tiempo restante: 1 segundos
2025-09-30 12:49:48,095 - utils.config_manager - INFO - Configuración guardada correctamente
2025-09-30 12:49:48,099 - views.main_view - INFO - Procesando lote 46 de 465
2025-09-30 12:49:48,102 - views.main_view - INFO - Procesando archivo: LT 46.kml
2025-09-30 12:49:48,106 - views.main_view - INFO - Usando formato: LT
2025-09-30 12:49:51,127 - views.main_view - INFO - Botón 'img/b1.png' encontrado en (444, 220) - Confianza: 1.00
2025-09-30 12:49:56,120 - views.main_view - INFO - Botón 'img/b2.png' encontrado en (1388, 595) - Confianza: 1.00
2025-09-30 12:50:01,123 - views.main_view - INFO - Botón 'img/b3.png' encontrado en (1412, 634) - Confianza: 0.89
2025-09-30 12:50:04,981 - views.main_view - INFO - Botón 'img/b4.png' no encontrado. Mejor coincidencia: 0.48 (Intento 2)
2025-09-30 12:50:08,024 - views.main_view - INFO - Botón 'img/b4.png' encontrado en (1115, 654) - Confianza: 1.00
2025-09-30 12:50:11,323 - controllers.image_search_controller - INFO - Ventana encontrada con confianza: 1.00
2025-09-30 12:50:11,325 - controllers.image_search_controller - INFO - Coordenadas ventana: x=1040, y=330
2025-09-30 12:50:11,325 - controllers.image_search_controller - INFO - Coordenadas campo texto: x=1334, y=830
2025-09-30 12:50:11,328 - utils.ahk_manager - INFO - Comando enviado a AHK: 1334,830,LT 46.kml
2025-09-30 12:50:26,332 - views.main_view - INFO - Botón 'img/b1.png' encontrado en (444, 220) - Confianza: 1.00
2025-09-30 12:50:31,355 - views.main_view - INFO - Botón 'img/b6.png' encontrado en (1397, 665) - Confianza: 1.00
2025-09-30 12:50:36,373 - views.main_view - INFO - Botón 'img/b7.png' encontrado en (1251, 186) - Confianza: 1.00
2025-09-30 12:50:41,409 - views.main_view - INFO - Botón 'img/b8.png' encontrado en (1261, 404) - Confianza: 0.83
2025-09-30 12:50:41,423 - views.main_view - INFO - Presionando Enter 3 veces
2025-09-30 12:50:44,074 - views.main_view - INFO - Secuencia completada para lote 46 de 465
2025-09-30 12:50:44,082 - views.main_view - INFO - Esperando 1 segundos antes del próximo lote...
2025-09-30 12:50:44,092 - views.main_view - INFO - Tiempo restante: 1 segundos
2025-09-30 12:50:45,102 - utils.config_manager - INFO - Configuración guardada correctamente
2025-09-30 12:50:45,113 - views.main_view - INFO - Procesando lote 47 de 465
2025-09-30 12:50:45,120 - views.main_view - INFO - Procesando archivo: LT 47.kml
2025-09-30 12:50:45,129 - views.main_view - INFO - Usando formato: LT
2025-09-30 12:50:48,157 - views.main_view - INFO - Botón 'img/b1.png' encontrado en (444, 220) - Confianza: 1.00
2025-09-30 12:50:53,175 - views.main_view - INFO - Botón 'img/b2.png' encontrado en (1388, 595) - Confianza: 1.00
2025-09-30 12:50:58,193 - views.main_view - INFO - Botón 'img/b3.png' encontrado en (1412, 634) - Confianza: 0.89
2025-09-30 12:51:02,035 - views.main_view - INFO - Botón 'img/b4.png' no encontrado. Mejor coincidencia: 0.48 (Intento 2)
2025-09-30 12:51:05,100 - views.main_view - INFO - Botón 'img/b4.png' encontrado en (1115, 654) - Confianza: 1.00
2025-09-30 12:51:08,398 - controllers.image_search_controller - INFO - Ventana encontrada con confianza: 1.00
2025-09-30 12:51:08,400 - controllers.image_search_controller - INFO - Coordenadas ventana: x=1040, y=330
2025-09-30 12:51:08,400 - controllers.image_search_controller - INFO - Coordenadas campo texto: x=1334, y=830
2025-09-30 12:51:08,403 - utils.ahk_manager - INFO - Comando enviado a AHK: 1334,830,LT 47.kml
2025-09-30 12:51:23,435 - views.main_view - INFO - Botón 'img/b1.png' encontrado en (444, 220) - Confianza: 1.00
2025-09-30 12:51:27,414 - views.main_view - INFO - Búsqueda pausada (Presione ESC para reanudar)
2025-09-30 12:51:28,482 - views.main_view - INFO - Botón 'img/b6.png' encontrado en (1397, 665) - Confianza: 1.00
2025-09-30 12:54:09,844 - views.pause_window - INFO - Reanudando proceso desde ventana de pausa
2025-09-30 12:54:09,921 - views.main_view - INFO - Búsqueda reanudada
2025-09-30 12:54:12,906 - views.main_view - INFO - Botón 'img/b7.png' encontrado en (1251, 186) - Confianza: 1.00
2025-09-30 12:54:17,951 - views.main_view - INFO - Botón 'img/b8.png' encontrado en (1261, 404) - Confianza: 0.83
2025-09-30 12:54:17,963 - views.main_view - INFO - Presionando Enter 3 veces
2025-09-30 12:54:20,578 - views.main_view - INFO - Secuencia completada para lote 47 de 465
2025-09-30 12:54:20,582 - views.main_view - INFO - Esperando 1 segundos antes del próximo lote...
2025-09-30 12:54:20,586 - views.main_view - INFO - Tiempo restante: 1 segundos
2025-09-30 12:54:21,596 - utils.config_manager - INFO - Configuración guardada correctamente
2025-09-30 12:54:21,603 - views.main_view - INFO - Procesando lote 48 de 465
2025-09-30 12:54:21,611 - views.main_view - INFO - Procesando archivo: LT 48.kml
2025-09-30 12:54:21,622 - views.main_view - INFO - Usando formato: LT
2025-09-30 12:54:24,624 - views.main_view - INFO - Botón 'img/b1.png' encontrado en (444, 220) - Confianza: 1.00
2025-09-30 12:54:29,681 - views.main_view - INFO - Botón 'img/b2.png' encontrado en (1388, 595) - Confianza: 1.00
2025-09-30 12:54:33,510 - views.main_view - INFO - Botón 'img/b3.png' no encontrado. Mejor coincidencia: 0.59 (Intento 2)
2025-09-30 12:54:35,307 - views.main_view - INFO - Botón 'img/b3.png' no encontrado. Mejor coincidencia: 0.59 (Intento 3)
2025-09-30 12:54:37,162 - views.main_view - INFO - Botón 'img/b3.png' no encontrado. Mejor coincidencia: 0.59 (Intento 4)
2025-09-30 12:54:39,012 - views.main_view - INFO - Botón 'img/b3.png' no encontrado. Mejor coincidencia: 0.59 (Intento 5)
2025-09-30 12:54:40,844 - views.main_view - INFO - Botón 'img/b3.png' no encontrado. Mejor coincidencia: 0.59 (Intento 6)
2025-09-30 12:54:42,682 - views.main_view - INFO - Botón 'img/b3.png' no encontrado. Mejor coincidencia: 0.59 (Intento 7)
2025-09-30 12:54:44,508 - views.main_view - INFO - Botón 'img/b3.png' no encontrado. Mejor coincidencia: 0.59 (Intento 8)
2025-09-30 12:54:46,334 - views.main_view - INFO - Botón 'img/b3.png' no encontrado. Mejor coincidencia: 0.59 (Intento 9)
2025-09-30 12:54:48,178 - views.main_view - INFO - Botón 'img/b3.png' no encontrado. Mejor coincidencia: 0.59 (Intento 10)
2025-09-30 12:54:48,497 - models.image_search_model - INFO - Intento 10: Mejor coincidencia: 0.59
2025-09-30 12:54:58,507 - views.main_view - INFO - Botón 'img/b3.png' no encontrado. Mejor coincidencia: 0.59 (Intento 11)
2025-09-30 12:55:00,400 - views.main_view - INFO - Botón 'img/b3.png' no encontrado. Mejor coincidencia: 0.59 (Intento 12)
2025-09-30 12:55:02,256 - views.main_view - INFO - Botón 'img/b3.png' no encontrado. Mejor coincidencia: 0.59 (Intento 13)
2025-09-30 12:55:04,070 - views.main_view - INFO - Botón 'img/b3.png' no encontrado. Mejor coincidencia: 0.59 (Intento 14)
2025-09-30 12:55:07,087 - views.main_view - INFO - Botón 'img/b3.png' encontrado en (1412, 634) - Confianza: 0.89
2025-09-30 12:55:10,912 - views.main_view - INFO - Botón 'img/b4.png' no encontrado. Mejor coincidencia: 0.48 (Intento 2)
2025-09-30 12:55:12,769 - views.main_view - INFO - Botón 'img/b4.png' no encontrado. Mejor coincidencia: 0.48 (Intento 3)
2025-09-30 12:55:15,851 - views.main_view - INFO - Botón 'img/b4.png' encontrado en (1115, 654) - Confianza: 1.00
2025-09-30 12:55:19,144 - controllers.image_search_controller - INFO - Ventana encontrada con confianza: 1.00
2025-09-30 12:55:19,146 - controllers.image_search_controller - INFO - Coordenadas ventana: x=1040, y=330
2025-09-30 12:55:19,146 - controllers.image_search_controller - INFO - Coordenadas campo texto: x=1334, y=830
2025-09-30 12:55:19,148 - utils.ahk_manager - INFO - Comando enviado a AHK: 1334,830,LT 48.kml
2025-09-30 12:55:34,194 - views.main_view - INFO - Botón 'img/b1.png' encontrado en (444, 220) - Confianza: 1.00
2025-09-30 12:55:39,248 - views.main_view - INFO - Botón 'img/b6.png' encontrado en (1397, 665) - Confianza: 1.00
2025-09-30 12:55:44,293 - views.main_view - INFO - Botón 'img/b7.png' encontrado en (1251, 186) - Confianza: 1.00
2025-09-30 12:55:49,307 - views.main_view - INFO - Botón 'img/b8.png' encontrado en (1261, 404) - Confianza: 0.83
2025-09-30 12:55:49,312 - views.main_view - INFO - Presionando Enter 3 veces
2025-09-30 12:55:51,950 - views.main_view - INFO - Secuencia completada para lote 48 de 465
2025-09-30 12:55:51,957 - views.main_view - INFO - Esperando 1 segundos antes del próximo lote...
2025-09-30 12:55:51,966 - views.main_view - INFO - Tiempo restante: 1 segundos
2025-09-30 12:55:52,976 - utils.config_manager - INFO - Configuración guardada correctamente
2025-09-30 12:55:52,984 - views.main_view - INFO - Procesando lote 49 de 465
2025-09-30 12:55:52,990 - views.main_view - INFO - Procesando archivo: LT 49.kml
2025-09-30 12:55:52,998 - views.main_view - INFO - Usando formato: LT
2025-09-30 12:55:56,024 - views.main_view - INFO - Botón 'img/b1.png' encontrado en (444, 220) - Confianza: 1.00
2025-09-30 12:56:01,056 - views.main_view - INFO - Botón 'img/b2.png' encontrado en (1388, 595) - Confianza: 1.00
2025-09-30 12:56:06,116 - views.main_view - INFO - Botón 'img/b3.png' encontrado en (1412, 634) - Confianza: 0.89
2025-09-30 12:56:09,985 - views.main_view - INFO - Botón 'img/b4.png' no encontrado. Mejor coincidencia: 0.48 (Intento 2)
2025-09-30 12:56:13,064 - views.main_view - INFO - Botón 'img/b4.png' encontrado en (1115, 654) - Confianza: 1.00
2025-09-30 12:56:16,352 - controllers.image_search_controller - INFO - Ventana encontrada con confianza: 1.00
2025-09-30 12:56:16,354 - controllers.image_search_controller - INFO - Coordenadas ventana: x=1040, y=330
2025-09-30 12:56:16,354 - controllers.image_search_controller - INFO - Coordenadas campo texto: x=1334, y=830
2025-09-30 12:56:16,357 - utils.ahk_manager - INFO - Comando enviado a AHK: 1334,830,LT 49.kml
2025-09-30 12:56:31,337 - views.main_view - INFO - Botón 'img/b1.png' encontrado en (444, 220) - Confianza: 1.00
2025-09-30 12:56:36,344 - views.main_view - INFO - Botón 'img/b6.png' encontrado en (1397, 665) - Confianza: 1.00
2025-09-30 12:56:41,366 - views.main_view - INFO - Botón 'img/b7.png' encontrado en (1251, 186) - Confianza: 1.00
2025-09-30 12:56:46,380 - views.main_view - INFO - Botón 'img/b8.png' encontrado en (1261, 404) - Confianza: 0.83
2025-09-30 12:56:46,389 - views.main_view - INFO - Presionando Enter 3 veces
2025-09-30 12:56:49,027 - views.main_view - INFO - Secuencia completada para lote 49 de 465
2025-09-30 12:56:49,033 - views.main_view - INFO - Esperando 1 segundos antes del próximo lote...
2025-09-30 12:56:49,038 - views.main_view - INFO - Tiempo restante: 1 segundos
2025-09-30 12:56:50,048 - utils.config_manager - INFO - Configuración guardada correctamente
2025-09-30 12:56:50,057 - views.main_view - INFO - Procesando lote 50 de 465
2025-09-30 12:56:50,062 - views.main_view - INFO - Procesando archivo: LT 50.kml
2025-09-30 12:56:50,070 - views.main_view - INFO - Usando formato: LT
2025-09-30 12:56:53,091 - views.main_view - INFO - Botón 'img/b1.png' encontrado en (444, 220) - Confianza: 1.00
2025-09-30 12:56:58,112 - views.main_view - INFO - Botón 'img/b2.png' encontrado en (1388, 595) - Confianza: 1.00
2025-09-30 12:57:03,131 - views.main_view - INFO - Botón 'img/b3.png' encontrado en (1412, 634) - Confianza: 0.89
2025-09-30 12:57:08,192 - views.main_view - INFO - Botón 'img/b4.png' encontrado en (1115, 654) - Confianza: 1.00
2025-09-30 12:57:11,500 - controllers.image_search_controller - INFO - Ventana encontrada con confianza: 1.00
2025-09-30 12:57:11,502 - controllers.image_search_controller - INFO - Coordenadas ventana: x=1040, y=330
2025-09-30 12:57:11,502 - controllers.image_search_controller - INFO - Coordenadas campo texto: x=1334, y=830
2025-09-30 12:57:11,504 - utils.ahk_manager - INFO - Comando enviado a AHK: 1334,830,LT 50.kml
2025-09-30 12:57:26,521 - views.main_view - INFO - Botón 'img/b1.png' encontrado en (444, 220) - Confianza: 0.88
2025-09-30 12:57:31,530 - views.main_view - INFO - Botón 'img/b6.png' encontrado en (1397, 665) - Confianza: 1.00
2025-09-30 12:57:36,532 - views.main_view - INFO - Botón 'img/b7.png' encontrado en (1251, 186) - Confianza: 1.00
2025-09-30 12:57:41,549 - views.main_view - INFO - Botón 'img/b8.png' encontrado en (1261, 404) - Confianza: 0.83
2025-09-30 12:57:41,556 - views.main_view - INFO - Presionando Enter 3 veces
2025-09-30 12:57:44,170 - views.main_view - INFO - Presionando 'S' para guardar cambios
2025-09-30 12:57:45,279 - views.main_view - INFO - Secuencia completada para lote 50 de 465
2025-09-30 12:57:45,287 - views.main_view - INFO - Esperando 1 segundos antes del próximo lote...
2025-09-30 12:57:45,293 - views.main_view - INFO - Tiempo restante: 1 segundos
2025-09-30 12:57:46,303 - utils.config_manager - INFO - Configuración guardada correctamente
2025-09-30 12:57:46,309 - views.main_view - INFO - Procesando lote 51 de 465
2025-09-30 12:57:46,317 - views.main_view - INFO - Procesando archivo: LT 51.kml
2025-09-30 12:57:46,321 - views.main_view - INFO - Usando formato: LT
2025-09-30 12:57:49,337 - views.main_view - INFO - Botón 'img/b1.png' encontrado en (444, 220) - Confianza: 1.00
2025-09-30 12:57:54,321 - views.main_view - INFO - Botón 'img/b2.png' encontrado en (1388, 595) - Confianza: 1.00
2025-09-30 12:57:59,365 - views.main_view - INFO - Botón 'img/b3.png' encontrado en (1412, 634) - Confianza: 0.89
2025-09-30 12:58:04,409 - views.main_view - INFO - Botón 'img/b4.png' encontrado en (1115, 654) - Confianza: 1.00
2025-09-30 12:58:07,692 - controllers.image_search_controller - INFO - Ventana encontrada con confianza: 1.00
2025-09-30 12:58:07,693 - controllers.image_search_controller - INFO - Coordenadas ventana: x=1040, y=330
2025-09-30 12:58:07,694 - controllers.image_search_controller - INFO - Coordenadas campo texto: x=1334, y=830
2025-09-30 12:58:07,696 - utils.ahk_manager - INFO - Comando enviado a AHK: 1334,830,LT 51.kml
2025-09-30 12:58:22,696 - views.main_view - INFO - Botón 'img/b1.png' encontrado en (444, 220) - Confianza: 1.00
2025-09-30 12:58:27,732 - views.main_view - INFO - Botón 'img/b6.png' encontrado en (1397, 665) - Confianza: 1.00
2025-09-30 12:58:32,750 - views.main_view - INFO - Botón 'img/b7.png' encontrado en (1251, 186) - Confianza: 1.00
2025-09-30 12:58:37,748 - views.main_view - INFO - Botón 'img/b8.png' encontrado en (1261, 404) - Confianza: 0.83
2025-09-30 12:58:37,761 - views.main_view - INFO - Presionando Enter 3 veces
2025-09-30 12:58:40,382 - views.main_view - INFO - Secuencia completada para lote 51 de 465
2025-09-30 12:58:40,388 - views.main_view - INFO - Esperando 1 segundos antes del próximo lote...
2025-09-30 12:58:40,395 - views.main_view - INFO - Tiempo restante: 1 segundos
2025-09-30 12:58:41,404 - utils.config_manager - INFO - Configuración guardada correctamente
2025-09-30 12:58:41,412 - views.main_view - INFO - Procesando lote 52 de 465
2025-09-30 12:58:41,417 - views.main_view - INFO - Procesando archivo: LT 52.kml
2025-09-30 12:58:41,421 - views.main_view - INFO - Usando formato: LT
2025-09-30 12:58:44,425 - views.main_view - INFO - Botón 'img/b1.png' encontrado en (444, 220) - Confianza: 1.00
2025-09-30 12:58:49,446 - views.main_view - INFO - Botón 'img/b2.png' encontrado en (1388, 595) - Confianza: 1.00
2025-09-30 12:58:54,462 - views.main_view - INFO - Botón 'img/b3.png' encontrado en (1412, 634) - Confianza: 0.89
2025-09-30 12:58:58,323 - views.main_view - INFO - Botón 'img/b4.png' no encontrado. Mejor coincidencia: 0.48 (Intento 2)
2025-09-30 12:59:01,381 - views.main_view - INFO - Botón 'img/b4.png' encontrado en (1115, 654) - Confianza: 1.00
2025-09-30 12:59:04,660 - controllers.image_search_controller - INFO - Ventana encontrada con confianza: 1.00
2025-09-30 12:59:04,662 - controllers.image_search_controller - INFO - Coordenadas ventana: x=1040, y=330
2025-09-30 12:59:04,662 - controllers.image_search_controller - INFO - Coordenadas campo texto: x=1334, y=830
2025-09-30 12:59:04,664 - utils.ahk_manager - INFO - Comando enviado a AHK: 1334,830,LT 52.kml
2025-09-30 12:59:19,639 - views.main_view - INFO - Botón 'img/b1.png' encontrado en (444, 220) - Confianza: 0.88
2025-09-30 12:59:24,639 - views.main_view - INFO - Botón 'img/b6.png' encontrado en (1397, 665) - Confianza: 1.00
2025-09-30 12:59:29,611 - views.main_view - INFO - Botón 'img/b7.png' encontrado en (1251, 186) - Confianza: 1.00
2025-09-30 12:59:34,627 - views.main_view - INFO - Botón 'img/b8.png' encontrado en (1261, 404) - Confianza: 0.83
2025-09-30 12:59:34,640 - views.main_view - INFO - Presionando Enter 3 veces
2025-09-30 12:59:37,259 - views.main_view - INFO - Secuencia completada para lote 52 de 465
2025-09-30 12:59:37,264 - views.main_view - INFO - Esperando 1 segundos antes del próximo lote...
2025-09-30 12:59:37,269 - views.main_view - INFO - Tiempo restante: 1 segundos
2025-09-30 12:59:38,278 - utils.config_manager - INFO - Configuración guardada correctamente
2025-09-30 12:59:38,287 - views.main_view - INFO - Procesando lote 53 de 465
2025-09-30 12:59:38,293 - views.main_view - INFO - Procesando archivo: LT 53.kml
2025-09-30 12:59:38,301 - views.main_view - INFO - Usando formato: LT
2025-09-30 12:59:41,286 - views.main_view - INFO - Botón 'img/b1.png' encontrado en (444, 220) - Confianza: 1.00
2025-09-30 12:59:46,303 - views.main_view - INFO - Botón 'img/b2.png' encontrado en (1388, 595) - Confianza: 1.00
2025-09-30 12:59:51,331 - views.main_view - INFO - Botón 'img/b3.png' encontrado en (1412, 634) - Confianza: 0.89
2025-09-30 12:59:55,173 - views.main_view - INFO - Botón 'img/b4.png' no encontrado. Mejor coincidencia: 0.48 (Intento 2)
2025-09-30 12:59:58,234 - views.main_view - INFO - Botón 'img/b4.png' encontrado en (1115, 654) - Confianza: 1.00
2025-09-30 13:00:01,504 - controllers.image_search_controller - INFO - Ventana encontrada con confianza: 1.00
2025-09-30 13:00:01,505 - controllers.image_search_controller - INFO - Coordenadas ventana: x=1040, y=330
2025-09-30 13:00:01,506 - controllers.image_search_controller - INFO - Coordenadas campo texto: x=1334, y=830
2025-09-30 13:00:01,508 - utils.ahk_manager - INFO - Comando enviado a AHK: 1334,830,LT 53.kml
2025-09-30 13:00:16,501 - views.main_view - INFO - Botón 'img/b1.png' encontrado en (444, 220) - Confianza: 1.00
2025-09-30 13:00:21,521 - views.main_view - INFO - Botón 'img/b6.png' encontrado en (1397, 665) - Confianza: 1.00
2025-09-30 13:00:26,512 - views.main_view - INFO - Botón 'img/b7.png' encontrado en (1251, 186) - Confianza: 1.00
2025-09-30 13:00:31,510 - views.main_view - INFO - Botón 'img/b8.png' encontrado en (1261, 404) - Confianza: 0.83
2025-09-30 13:00:31,525 - views.main_view - INFO - Presionando Enter 3 veces
2025-09-30 13:00:34,142 - views.main_view - INFO - Secuencia completada para lote 53 de 465
2025-09-30 13:00:34,145 - views.main_view - INFO - Esperando 1 segundos antes del próximo lote...
2025-09-30 13:00:34,150 - views.main_view - INFO - Tiempo restante: 1 segundos
2025-09-30 13:00:35,158 - utils.config_manager - INFO - Configuración guardada correctamente
2025-09-30 13:00:35,167 - views.main_view - INFO - Procesando lote 54 de 465
2025-09-30 13:00:35,174 - views.main_view - INFO - Procesando archivo: LT 54.kml
2025-09-30 13:00:35,181 - views.main_view - INFO - Usando formato: LT
2025-09-30 13:00:38,169 - views.main_view - INFO - Botón 'img/b1.png' encontrado en (444, 220) - Confianza: 1.00
2025-09-30 13:00:43,179 - views.main_view - INFO - Botón 'img/b2.png' encontrado en (1388, 595) - Confianza: 1.00
2025-09-30 13:00:48,197 - views.main_view - INFO - Botón 'img/b3.png' encontrado en (1412, 634) - Confianza: 0.89
2025-09-30 13:00:52,045 - views.main_view - INFO - Botón 'img/b4.png' no encontrado. Mejor coincidencia: 0.48 (Intento 2)
2025-09-30 13:00:53,857 - views.main_view - INFO - Botón 'img/b4.png' no encontrado. Mejor coincidencia: 0.48 (Intento 3)
2025-09-30 13:00:56,916 - views.main_view - INFO - Botón 'img/b4.png' encontrado en (1115, 654) - Confianza: 1.00
2025-09-30 13:01:00,198 - controllers.image_search_controller - INFO - Ventana encontrada con confianza: 1.00
2025-09-30 13:01:00,199 - controllers.image_search_controller - INFO - Coordenadas ventana: x=1040, y=330
2025-09-30 13:01:00,199 - controllers.image_search_controller - INFO - Coordenadas campo texto: x=1334, y=830
2025-09-30 13:01:00,202 - utils.ahk_manager - INFO - Comando enviado a AHK: 1334,830,LT 54.kml
2025-09-30 13:01:15,221 - views.main_view - INFO - Botón 'img/b1.png' encontrado en (444, 220) - Confianza: 1.00
2025-09-30 13:01:20,203 - views.main_view - INFO - Botón 'img/b6.png' encontrado en (1397, 665) - Confianza: 1.00
2025-09-30 13:01:25,250 - views.main_view - INFO - Botón 'img/b7.png' encontrado en (1251, 186) - Confianza: 1.00
2025-09-30 13:01:30,268 - views.main_view - INFO - Botón 'img/b8.png' encontrado en (1261, 404) - Confianza: 0.83
2025-09-30 13:01:30,282 - views.main_view - INFO - Presionando Enter 3 veces
2025-09-30 13:01:32,902 - views.main_view - INFO - Secuencia completada para lote 54 de 465
2025-09-30 13:01:32,909 - views.main_view - INFO - Esperando 1 segundos antes del próximo lote...
2025-09-30 13:01:32,918 - views.main_view - INFO - Tiempo restante: 1 segundos
2025-09-30 13:01:33,927 - utils.config_manager - INFO - Configuración guardada correctamente
2025-09-30 13:01:33,936 - views.main_view - INFO - Procesando lote 55 de 465
2025-09-30 13:01:33,941 - views.main_view - INFO - Procesando archivo: LT 55.kml
2025-09-30 13:01:33,950 - views.main_view - INFO - Usando formato: LT
2025-09-30 13:01:36,967 - views.main_view - INFO - Botón 'img/b1.png' encontrado en (444, 220) - Confianza: 1.00
2025-09-30 13:01:41,990 - views.main_view - INFO - Botón 'img/b2.png' encontrado en (1388, 595) - Confianza: 1.00
2025-09-30 13:01:46,997 - views.main_view - INFO - Botón 'img/b3.png' encontrado en (1412, 634) - Confianza: 0.89
2025-09-30 13:01:50,867 - views.main_view - INFO - Botón 'img/b4.png' no encontrado. Mejor coincidencia: 0.48 (Intento 2)
2025-09-30 13:01:53,942 - views.main_view - INFO - Botón 'img/b4.png' encontrado en (1115, 654) - Confianza: 1.00
2025-09-30 13:01:57,204 - controllers.image_search_controller - INFO - Ventana encontrada con confianza: 1.00
2025-09-30 13:01:57,206 - controllers.image_search_controller - INFO - Coordenadas ventana: x=1040, y=330
2025-09-30 13:01:57,206 - controllers.image_search_controller - INFO - Coordenadas campo texto: x=1334, y=830
2025-09-30 13:01:57,208 - utils.ahk_manager - INFO - Comando enviado a AHK: 1334,830,LT 55.kml
2025-09-30 13:02:12,220 - views.main_view - INFO - Botón 'img/b1.png' encontrado en (444, 220) - Confianza: 1.00
2025-09-30 13:02:17,230 - views.main_view - INFO - Botón 'img/b6.png' encontrado en (1397, 665) - Confianza: 1.00
2025-09-30 13:02:22,200 - views.main_view - INFO - Botón 'img/b7.png' encontrado en (1251, 186) - Confianza: 1.00
2025-09-30 13:02:27,222 - views.main_view - INFO - Botón 'img/b8.png' encontrado en (1261, 404) - Confianza: 0.83
2025-09-30 13:02:27,237 - views.main_view - INFO - Presionando Enter 3 veces
2025-09-30 13:02:29,859 - views.main_view - INFO - Secuencia completada para lote 55 de 465
2025-09-30 13:02:29,866 - views.main_view - INFO - Esperando 1 segundos antes del próximo lote...
2025-09-30 13:02:29,871 - views.main_view - INFO - Tiempo restante: 1 segundos
2025-09-30 13:02:30,881 - utils.config_manager - INFO - Configuración guardada correctamente
2025-09-30 13:02:30,889 - views.main_view - INFO - Procesando lote 56 de 465
2025-09-30 13:02:30,896 - views.main_view - INFO - Procesando archivo: LT 56.kml
2025-09-30 13:02:30,904 - views.main_view - INFO - Usando formato: LT
2025-09-30 13:02:33,929 - views.main_view - INFO - Botón 'img/b1.png' encontrado en (444, 220) - Confianza: 1.00
2025-09-30 13:02:38,953 - views.main_view - INFO - Botón 'img/b2.png' encontrado en (1388, 595) - Confianza: 1.00
2025-09-30 13:02:43,972 - views.main_view - INFO - Botón 'img/b3.png' encontrado en (1412, 634) - Confianza: 0.89
2025-09-30 13:02:49,046 - views.main_view - INFO - Botón 'img/b4.png' encontrado en (1115, 654) - Confianza: 1.00
2025-09-30 13:02:52,315 - controllers.image_search_controller - INFO - Ventana encontrada con confianza: 1.00
2025-09-30 13:02:52,317 - controllers.image_search_controller - INFO - Coordenadas ventana: x=1040, y=330
2025-09-30 13:02:52,317 - controllers.image_search_controller - INFO - Coordenadas campo texto: x=1334, y=830
2025-09-30 13:02:52,320 - utils.ahk_manager - INFO - Comando enviado a AHK: 1334,830,LT 56.kml
2025-09-30 13:03:07,324 - views.main_view - INFO - Botón 'img/b1.png' encontrado en (444, 220) - Confianza: 1.00
2025-09-30 13:03:12,329 - views.main_view - INFO - Botón 'img/b6.png' encontrado en (1397, 665) - Confianza: 1.00
2025-09-30 13:03:17,340 - views.main_view - INFO - Botón 'img/b7.png' encontrado en (1251, 186) - Confianza: 1.00
2025-09-30 13:03:22,347 - views.main_view - INFO - Botón 'img/b8.png' encontrado en (1261, 404) - Confianza: 0.83
2025-09-30 13:03:22,361 - views.main_view - INFO - Presionando Enter 3 veces
2025-09-30 13:03:24,981 - views.main_view - INFO - Secuencia completada para lote 56 de 465
2025-09-30 13:03:24,988 - views.main_view - INFO - Esperando 1 segundos antes del próximo lote...
2025-09-30 13:03:24,995 - views.main_view - INFO - Tiempo restante: 1 segundos
2025-09-30 13:03:26,001 - utils.config_manager - INFO - Configuración guardada correctamente
2025-09-30 13:03:26,005 - views.main_view - INFO - Procesando lote 57 de 465
2025-09-30 13:03:26,007 - views.main_view - INFO - Procesando archivo: LT 57.kml
2025-09-30 13:03:26,012 - views.main_view - INFO - Usando formato: LT
2025-09-30 13:03:29,023 - views.main_view - INFO - Botón 'img/b1.png' encontrado en (444, 220) - Confianza: 1.00
2025-09-30 13:03:34,009 - views.main_view - INFO - Botón 'img/b2.png' encontrado en (1388, 595) - Confianza: 1.00
2025-09-30 13:03:39,027 - views.main_view - INFO - Botón 'img/b3.png' encontrado en (1412, 634) - Confianza: 0.89
2025-09-30 13:03:42,870 - views.main_view - INFO - Botón 'img/b4.png' no encontrado. Mejor coincidencia: 0.48 (Intento 2)
2025-09-30 13:03:45,957 - views.main_view - INFO - Botón 'img/b4.png' encontrado en (1115, 654) - Confianza: 1.00
2025-09-30 13:03:49,233 - controllers.image_search_controller - INFO - Ventana encontrada con confianza: 1.00
2025-09-30 13:03:49,234 - controllers.image_search_controller - INFO - Coordenadas ventana: x=1040, y=330
2025-09-30 13:03:49,235 - controllers.image_search_controller - INFO - Coordenadas campo texto: x=1334, y=830
2025-09-30 13:03:49,237 - utils.ahk_manager - INFO - Comando enviado a AHK: 1334,830,LT 57.kml
2025-09-30 13:04:04,232 - views.main_view - INFO - Botón 'img/b1.png' encontrado en (444, 220) - Confianza: 0.88
2025-09-30 13:04:09,243 - views.main_view - INFO - Botón 'img/b6.png' encontrado en (1397, 665) - Confianza: 1.00
2025-09-30 13:04:14,218 - views.main_view - INFO - Botón 'img/b7.png' encontrado en (1251, 186) - Confianza: 1.00
2025-09-30 13:04:19,248 - views.main_view - INFO - Botón 'img/b8.png' encontrado en (1261, 404) - Confianza: 0.83
2025-09-30 13:04:19,261 - views.main_view - INFO - Presionando Enter 3 veces
2025-09-30 13:04:21,900 - views.main_view - INFO - Secuencia completada para lote 57 de 465
2025-09-30 13:04:21,907 - views.main_view - INFO - Esperando 1 segundos antes del próximo lote...
2025-09-30 13:04:21,915 - views.main_view - INFO - Tiempo restante: 1 segundos
2025-09-30 13:04:22,926 - utils.config_manager - INFO - Configuración guardada correctamente
2025-09-30 13:04:22,935 - views.main_view - INFO - Procesando lote 58 de 465
2025-09-30 13:04:22,942 - views.main_view - INFO - Procesando archivo: LT 58.kml
2025-09-30 13:04:22,949 - views.main_view - INFO - Usando formato: LT
2025-09-30 13:04:25,948 - views.main_view - INFO - Botón 'img/b1.png' encontrado en (444, 220) - Confianza: 1.00
2025-09-30 13:04:30,977 - views.main_view - INFO - Botón 'img/b2.png' encontrado en (1388, 595) - Confianza: 1.00
2025-09-30 13:04:35,979 - views.main_view - INFO - Botón 'img/b3.png' encontrado en (1412, 634) - Confianza: 0.89
2025-09-30 13:04:41,003 - views.main_view - INFO - Botón 'img/b4.png' encontrado en (1115, 654) - Confianza: 1.00
2025-09-30 13:04:44,286 - controllers.image_search_controller - INFO - Ventana encontrada con confianza: 1.00
2025-09-30 13:04:44,288 - controllers.image_search_controller - INFO - Coordenadas ventana: x=1040, y=330
2025-09-30 13:04:44,288 - controllers.image_search_controller - INFO - Coordenadas campo texto: x=1334, y=830
2025-09-30 13:04:44,290 - utils.ahk_manager - INFO - Comando enviado a AHK: 1334,830,LT 58.kml
2025-09-30 13:04:59,288 - views.main_view - INFO - Botón 'img/b1.png' encontrado en (444, 220) - Confianza: 1.00
2025-09-30 13:05:04,295 - views.main_view - INFO - Botón 'img/b6.png' encontrado en (1397, 665) - Confianza: 1.00
2025-09-30 13:05:09,314 - views.main_view - INFO - Botón 'img/b7.png' encontrado en (1251, 186) - Confianza: 1.00
2025-09-30 13:05:14,312 - views.main_view - INFO - Botón 'img/b8.png' encontrado en (1261, 404) - Confianza: 0.83
2025-09-30 13:05:14,320 - views.main_view - INFO - Presionando Enter 3 veces
2025-09-30 13:05:16,940 - views.main_view - INFO - Secuencia completada para lote 58 de 465
2025-09-30 13:05:16,947 - views.main_view - INFO - Esperando 1 segundos antes del próximo lote...
2025-09-30 13:05:16,953 - views.main_view - INFO - Tiempo restante: 1 segundos
2025-09-30 13:05:17,963 - utils.config_manager - INFO - Configuración guardada correctamente
2025-09-30 13:05:17,972 - views.main_view - INFO - Procesando lote 59 de 465
2025-09-30 13:05:17,978 - views.main_view - INFO - Procesando archivo: LT 59.kml
2025-09-30 13:05:17,986 - views.main_view - INFO - Usando formato: LT
2025-09-30 13:05:20,992 - views.main_view - INFO - Botón 'img/b1.png' encontrado en (444, 220) - Confianza: 1.00
2025-09-30 13:05:25,996 - views.main_view - INFO - Botón 'img/b2.png' encontrado en (1388, 595) - Confianza: 1.00
2025-09-30 13:05:31,042 - views.main_view - INFO - Botón 'img/b3.png' encontrado en (1412, 634) - Confianza: 0.89
2025-09-30 13:05:34,881 - views.main_view - INFO - Botón 'img/b4.png' no encontrado. Mejor coincidencia: 0.48 (Intento 2)
2025-09-30 13:05:37,919 - views.main_view - INFO - Botón 'img/b4.png' encontrado en (1115, 654) - Confianza: 1.00
2025-09-30 13:05:41,232 - controllers.image_search_controller - INFO - Ventana encontrada con confianza: 1.00
2025-09-30 13:05:41,233 - controllers.image_search_controller - INFO - Coordenadas ventana: x=1040, y=330
2025-09-30 13:05:41,234 - controllers.image_search_controller - INFO - Coordenadas campo texto: x=1334, y=830
2025-09-30 13:05:41,236 - utils.ahk_manager - INFO - Comando enviado a AHK: 1334,830,LT 59.kml
2025-09-30 13:05:56,333 - views.main_view - INFO - Botón 'img/b1.png' encontrado en (444, 220) - Confianza: 1.00
2025-09-30 13:06:01,370 - views.main_view - INFO - Botón 'img/b6.png' encontrado en (1397, 665) - Confianza: 1.00
2025-09-30 13:06:06,389 - views.main_view - INFO - Botón 'img/b7.png' encontrado en (1251, 186) - Confianza: 1.00
2025-09-30 13:06:11,421 - views.main_view - INFO - Botón 'img/b8.png' encontrado en (1261, 404) - Confianza: 0.83
2025-09-30 13:06:11,434 - views.main_view - INFO - Presionando Enter 3 veces
2025-09-30 13:06:14,070 - views.main_view - INFO - Secuencia completada para lote 59 de 465
2025-09-30 13:06:14,073 - views.main_view - INFO - Esperando 1 segundos antes del próximo lote...
2025-09-30 13:06:14,076 - views.main_view - INFO - Tiempo restante: 1 segundos
2025-09-30 13:06:15,085 - utils.config_manager - INFO - Configuración guardada correctamente
2025-09-30 13:06:15,094 - views.main_view - INFO - Procesando lote 60 de 465
2025-09-30 13:06:15,097 - views.main_view - INFO - Procesando archivo: LT 60.kml
2025-09-30 13:06:15,102 - views.main_view - INFO - Usando formato: LT
2025-09-30 13:06:18,116 - views.main_view - INFO - Botón 'img/b1.png' encontrado en (444, 220) - Confianza: 1.00
2025-09-30 13:06:23,103 - views.main_view - INFO - Botón 'img/b2.png' encontrado en (1388, 595) - Confianza: 1.00
2025-09-30 13:06:28,106 - views.main_view - INFO - Botón 'img/b3.png' encontrado en (1412, 634) - Confianza: 0.89
2025-09-30 13:06:33,138 - views.main_view - INFO - Botón 'img/b4.png' encontrado en (1115, 654) - Confianza: 1.00
2025-09-30 13:06:36,419 - controllers.image_search_controller - INFO - Ventana encontrada con confianza: 1.00
2025-09-30 13:06:36,421 - controllers.image_search_controller - INFO - Coordenadas ventana: x=1040, y=330
2025-09-30 13:06:36,421 - controllers.image_search_controller - INFO - Coordenadas campo texto: x=1334, y=830
2025-09-30 13:06:36,423 - utils.ahk_manager - INFO - Comando enviado a AHK: 1334,830,LT 60.kml
2025-09-30 13:06:51,452 - views.main_view - INFO - Botón 'img/b1.png' encontrado en (444, 220) - Confianza: 0.88
2025-09-30 13:06:56,510 - views.main_view - INFO - Botón 'img/b6.png' encontrado en (1397, 665) - Confianza: 1.00
2025-09-30 13:07:01,518 - views.main_view - INFO - Botón 'img/b7.png' encontrado en (1251, 186) - Confianza: 1.00
2025-09-30 13:07:06,527 - views.main_view - INFO - Botón 'img/b8.png' encontrado en (1261, 404) - Confianza: 0.83
2025-09-30 13:07:06,535 - views.main_view - INFO - Presionando Enter 3 veces
2025-09-30 13:07:09,155 - views.main_view - INFO - Presionando 'S' para guardar cambios
2025-09-30 13:07:10,265 - views.main_view - INFO - Secuencia completada para lote 60 de 465
2025-09-30 13:07:10,273 - views.main_view - INFO - Esperando 1 segundos antes del próximo lote...
2025-09-30 13:07:10,278 - views.main_view - INFO - Tiempo restante: 1 segundos
2025-09-30 13:07:11,288 - utils.config_manager - INFO - Configuración guardada correctamente
2025-09-30 13:07:11,293 - views.main_view - INFO - Procesando lote 61 de 465
2025-09-30 13:07:11,301 - views.main_view - INFO - Procesando archivo: LT 61.kml
2025-09-30 13:07:11,305 - views.main_view - INFO - Usando formato: LT
2025-09-30 13:07:14,300 - views.main_view - INFO - Botón 'img/b1.png' encontrado en (444, 220) - Confianza: 1.00
2025-09-30 13:07:19,290 - views.main_view - INFO - Botón 'img/b2.png' encontrado en (1388, 595) - Confianza: 1.00
2025-09-30 13:07:24,288 - views.main_view - INFO - Botón 'img/b3.png' encontrado en (1412, 634) - Confianza: 0.89
2025-09-30 13:07:28,124 - views.main_view - INFO - Botón 'img/b4.png' no encontrado. Mejor coincidencia: 0.48 (Intento 2)
2025-09-30 13:07:31,204 - views.main_view - INFO - Botón 'img/b4.png' encontrado en (1115, 654) - Confianza: 1.00
2025-09-30 13:07:34,497 - controllers.image_search_controller - INFO - Ventana encontrada con confianza: 1.00
2025-09-30 13:07:34,499 - controllers.image_search_controller - INFO - Coordenadas ventana: x=1040, y=330
2025-09-30 13:07:34,499 - controllers.image_search_controller - INFO - Coordenadas campo texto: x=1334, y=830
2025-09-30 13:07:34,501 - utils.ahk_manager - INFO - Comando enviado a AHK: 1334,830,LT 61.kml
2025-09-30 13:07:49,522 - views.main_view - INFO - Botón 'img/b1.png' encontrado en (444, 220) - Confianza: 0.88
2025-09-30 13:07:54,538 - views.main_view - INFO - Botón 'img/b6.png' encontrado en (1397, 665) - Confianza: 1.00
2025-09-30 13:07:59,578 - views.main_view - INFO - Botón 'img/b7.png' encontrado en (1251, 186) - Confianza: 1.00
2025-09-30 13:08:04,606 - views.main_view - INFO - Botón 'img/b8.png' encontrado en (1261, 404) - Confianza: 0.83
2025-09-30 13:08:04,622 - views.main_view - INFO - Presionando Enter 3 veces
2025-09-30 13:08:07,241 - views.main_view - INFO - Secuencia completada para lote 61 de 465
2025-09-30 13:08:07,248 - views.main_view - INFO - Esperando 1 segundos antes del próximo lote...
2025-09-30 13:08:07,256 - views.main_view - INFO - Tiempo restante: 1 segundos
2025-09-30 13:08:08,267 - utils.config_manager - INFO - Configuración guardada correctamente
2025-09-30 13:08:08,276 - views.main_view - INFO - Procesando lote 62 de 465
2025-09-30 13:08:08,282 - views.main_view - INFO - Procesando archivo: LT 62.kml
2025-09-30 13:08:08,289 - views.main_view - INFO - Usando formato: LT
2025-09-30 13:08:11,312 - views.main_view - INFO - Botón 'img/b1.png' encontrado en (444, 220) - Confianza: 1.00
2025-09-30 13:08:16,331 - views.main_view - INFO - Botón 'img/b2.png' encontrado en (1388, 595) - Confianza: 1.00
2025-09-30 13:08:21,341 - views.main_view - INFO - Botón 'img/b3.png' encontrado en (1412, 634) - Confianza: 0.89
2025-09-30 13:08:26,416 - views.main_view - INFO - Botón 'img/b4.png' encontrado en (1115, 654) - Confianza: 1.00
2025-09-30 13:08:29,697 - controllers.image_search_controller - INFO - Ventana encontrada con confianza: 1.00
2025-09-30 13:08:29,698 - controllers.image_search_controller - INFO - Coordenadas ventana: x=1040, y=330
2025-09-30 13:08:29,699 - controllers.image_search_controller - INFO - Coordenadas campo texto: x=1334, y=830
2025-09-30 13:08:29,701 - utils.ahk_manager - INFO - Comando enviado a AHK: 1334,830,LT 62.kml
2025-09-30 13:08:44,718 - views.main_view - INFO - Botón 'img/b1.png' encontrado en (444, 220) - Confianza: 0.88
2025-09-30 13:08:49,737 - views.main_view - INFO - Botón 'img/b6.png' encontrado en (1397, 665) - Confianza: 1.00
2025-09-30 13:08:54,749 - views.main_view - INFO - Botón 'img/b7.png' encontrado en (1251, 186) - Confianza: 1.00
2025-09-30 13:08:59,787 - views.main_view - INFO - Botón 'img/b8.png' encontrado en (1261, 404) - Confianza: 0.83
2025-09-30 13:08:59,800 - views.main_view - INFO - Presionando Enter 3 veces
2025-09-30 13:09:02,416 - views.main_view - INFO - Secuencia completada para lote 62 de 465
2025-09-30 13:09:02,420 - views.main_view - INFO - Esperando 1 segundos antes del próximo lote...
2025-09-30 13:09:02,425 - views.main_view - INFO - Tiempo restante: 1 segundos
2025-09-30 13:09:03,435 - utils.config_manager - INFO - Configuración guardada correctamente
2025-09-30 13:09:03,443 - views.main_view - INFO - Procesando lote 63 de 465
2025-09-30 13:09:03,449 - views.main_view - INFO - Procesando archivo: LT 63.kml
2025-09-30 13:09:03,457 - views.main_view - INFO - Usando formato: LT
2025-09-30 13:09:06,487 - views.main_view - INFO - Botón 'img/b1.png' encontrado en (444, 220) - Confianza: 1.00
2025-09-30 13:09:11,488 - views.main_view - INFO - Botón 'img/b2.png' encontrado en (1388, 595) - Confianza: 1.00
2025-09-30 13:09:16,487 - views.main_view - INFO - Botón 'img/b3.png' encontrado en (1412, 634) - Confianza: 0.89
2025-09-30 13:09:20,339 - views.main_view - INFO - Botón 'img/b4.png' no encontrado. Mejor coincidencia: 0.48 (Intento 2)
2025-09-30 13:09:22,209 - views.main_view - INFO - Botón 'img/b4.png' no encontrado. Mejor coincidencia: 0.48 (Intento 3)
2025-09-30 13:09:24,017 - views.main_view - INFO - Botón 'img/b4.png' no encontrado. Mejor coincidencia: 0.48 (Intento 4)
2025-09-30 13:09:27,058 - views.main_view - INFO - Botón 'img/b4.png' encontrado en (1115, 654) - Confianza: 1.00
2025-09-30 13:09:30,336 - controllers.image_search_controller - INFO - Ventana encontrada con confianza: 1.00
2025-09-30 13:09:30,338 - controllers.image_search_controller - INFO - Coordenadas ventana: x=1040, y=330
2025-09-30 13:09:30,338 - controllers.image_search_controller - INFO - Coordenadas campo texto: x=1334, y=830
2025-09-30 13:09:30,340 - utils.ahk_manager - INFO - Comando enviado a AHK: 1334,830,LT 63.kml
2025-09-30 13:09:45,356 - views.main_view - INFO - Botón 'img/b1.png' encontrado en (444, 220) - Confianza: 1.00
2025-09-30 13:09:50,358 - views.main_view - INFO - Botón 'img/b6.png' encontrado en (1397, 665) - Confianza: 1.00
2025-09-30 13:09:55,360 - views.main_view - INFO - Botón 'img/b7.png' encontrado en (1251, 186) - Confianza: 1.00
2025-09-30 13:10:00,381 - views.main_view - INFO - Botón 'img/b8.png' encontrado en (1261, 404) - Confianza: 0.83
2025-09-30 13:10:00,398 - views.main_view - INFO - Presionando Enter 3 veces
2025-09-30 13:10:03,018 - views.main_view - INFO - Secuencia completada para lote 63 de 465
2025-09-30 13:10:03,025 - views.main_view - INFO - Esperando 1 segundos antes del próximo lote...
2025-09-30 13:10:03,034 - views.main_view - INFO - Tiempo restante: 1 segundos
2025-09-30 13:10:04,043 - utils.config_manager - INFO - Configuración guardada correctamente
2025-09-30 13:10:04,052 - views.main_view - INFO - Procesando lote 64 de 465
2025-09-30 13:10:04,059 - views.main_view - INFO - Procesando archivo: LT 64.kml
2025-09-30 13:10:04,066 - views.main_view - INFO - Usando formato: LT
2025-09-30 13:10:07,099 - views.main_view - INFO - Botón 'img/b1.png' encontrado en (444, 220) - Confianza: 1.00
2025-09-30 13:10:12,111 - views.main_view - INFO - Botón 'img/b2.png' encontrado en (1388, 595) - Confianza: 1.00
2025-09-30 13:10:17,141 - views.main_view - INFO - Botón 'img/b3.png' encontrado en (1412, 634) - Confianza: 0.89
2025-09-30 13:10:21,006 - views.main_view - INFO - Botón 'img/b4.png' no encontrado. Mejor coincidencia: 0.48 (Intento 2)
2025-09-30 13:10:22,822 - views.main_view - INFO - Botón 'img/b4.png' no encontrado. Mejor coincidencia: 0.48 (Intento 3)
2025-09-30 13:10:25,862 - views.main_view - INFO - Botón 'img/b4.png' encontrado en (1115, 654) - Confianza: 1.00
2025-09-30 13:10:29,114 - controllers.image_search_controller - INFO - Ventana encontrada con confianza: 1.00
2025-09-30 13:10:29,116 - controllers.image_search_controller - INFO - Coordenadas ventana: x=1040, y=330
2025-09-30 13:10:29,116 - controllers.image_search_controller - INFO - Coordenadas campo texto: x=1334, y=830
2025-09-30 13:10:29,118 - utils.ahk_manager - INFO - Comando enviado a AHK: 1334,830,LT 64.kml
2025-09-30 13:10:44,142 - views.main_view - INFO - Botón 'img/b1.png' encontrado en (444, 220) - Confianza: 0.88
2025-09-30 13:10:49,156 - views.main_view - INFO - Botón 'img/b6.png' encontrado en (1397, 665) - Confianza: 1.00
2025-09-30 13:10:54,177 - views.main_view - INFO - Botón 'img/b7.png' encontrado en (1251, 186) - Confianza: 1.00
2025-09-30 13:10:57,991 - views.main_view - INFO - Botón 'img/b8.png' no encontrado. Mejor coincidencia: 0.60 (Intento 2)
2025-09-30 13:11:00,985 - views.main_view - INFO - Botón 'img/b8.png' encontrado en (1261, 404) - Confianza: 0.83
2025-09-30 13:11:00,998 - views.main_view - INFO - Presionando Enter 3 veces
2025-09-30 13:11:03,620 - views.main_view - INFO - Secuencia completada para lote 64 de 465
2025-09-30 13:11:03,630 - views.main_view - INFO - Esperando 1 segundos antes del próximo lote...
2025-09-30 13:11:03,638 - views.main_view - INFO - Tiempo restante: 1 segundos
2025-09-30 13:11:04,648 - utils.config_manager - INFO - Configuración guardada correctamente
2025-09-30 13:11:04,657 - views.main_view - INFO - Procesando lote 65 de 465
2025-09-30 13:11:04,660 - views.main_view - INFO - Procesando archivo: LT 65.kml
2025-09-30 13:11:04,663 - views.main_view - INFO - Usando formato: LT
2025-09-30 13:11:07,656 - views.main_view - INFO - Botón 'img/b1.png' encontrado en (444, 220) - Confianza: 1.00
2025-09-30 13:11:12,639 - views.main_view - INFO - Botón 'img/b2.png' encontrado en (1388, 595) - Confianza: 1.00
2025-09-30 13:11:17,637 - views.main_view - INFO - Botón 'img/b3.png' encontrado en (1412, 634) - Confianza: 0.89
2025-09-30 13:11:21,446 - views.main_view - INFO - Botón 'img/b4.png' no encontrado. Mejor coincidencia: 0.48 (Intento 2)
2025-09-30 13:11:24,498 - views.main_view - INFO - Botón 'img/b4.png' encontrado en (1115, 654) - Confianza: 1.00
2025-09-30 13:11:27,764 - controllers.image_search_controller - INFO - Ventana encontrada con confianza: 1.00
2025-09-30 13:11:27,766 - controllers.image_search_controller - INFO - Coordenadas ventana: x=1040, y=330
2025-09-30 13:11:27,766 - controllers.image_search_controller - INFO - Coordenadas campo texto: x=1334, y=830
2025-09-30 13:11:27,769 - utils.ahk_manager - INFO - Comando enviado a AHK: 1334,830,LT 65.kml
2025-09-30 13:11:42,797 - views.main_view - INFO - Botón 'img/b1.png' encontrado en (444, 220) - Confianza: 1.00
2025-09-30 13:11:47,798 - views.main_view - INFO - Botón 'img/b6.png' encontrado en (1397, 665) - Confianza: 1.00
2025-09-30 13:11:52,811 - views.main_view - INFO - Botón 'img/b7.png' encontrado en (1251, 186) - Confianza: 1.00
2025-09-30 13:11:57,835 - views.main_view - INFO - Botón 'img/b8.png' encontrado en (1261, 404) - Confianza: 0.83
2025-09-30 13:11:57,848 - views.main_view - INFO - Presionando Enter 3 veces
2025-09-30 13:12:00,467 - views.main_view - INFO - Secuencia completada para lote 65 de 465
2025-09-30 13:12:00,474 - views.main_view - INFO - Esperando 1 segundos antes del próximo lote...
2025-09-30 13:12:00,484 - views.main_view - INFO - Tiempo restante: 1 segundos
2025-09-30 13:12:01,494 - utils.config_manager - INFO - Configuración guardada correctamente
2025-09-30 13:12:01,503 - views.main_view - INFO - Procesando lote 66 de 465
2025-09-30 13:12:01,510 - views.main_view - INFO - Procesando archivo: LT 66.kml
2025-09-30 13:12:01,518 - views.main_view - INFO - Usando formato: LT
2025-09-30 13:12:04,522 - views.main_view - INFO - Botón 'img/b1.png' encontrado en (444, 220) - Confianza: 1.00
2025-09-30 13:12:09,501 - views.main_view - INFO - Botón 'img/b2.png' encontrado en (1388, 595) - Confianza: 1.00
2025-09-30 13:12:14,511 - views.main_view - INFO - Botón 'img/b3.png' encontrado en (1412, 634) - Confianza: 0.89
2025-09-30 13:12:19,541 - views.main_view - INFO - Botón 'img/b4.png' encontrado en (1115, 654) - Confianza: 1.00
2025-09-30 13:12:22,811 - controllers.image_search_controller - INFO - Ventana encontrada con confianza: 1.00
2025-09-30 13:12:22,813 - controllers.image_search_controller - INFO - Coordenadas ventana: x=1040, y=330
2025-09-30 13:12:22,813 - controllers.image_search_controller - INFO - Coordenadas campo texto: x=1334, y=830
2025-09-30 13:12:22,815 - utils.ahk_manager - INFO - Comando enviado a AHK: 1334,830,LT 66.kml
2025-09-30 13:12:37,817 - views.main_view - INFO - Botón 'img/b1.png' encontrado en (444, 220) - Confianza: 1.00
2025-09-30 13:12:42,819 - views.main_view - INFO - Botón 'img/b6.png' encontrado en (1397, 665) - Confianza: 1.00
2025-09-30 13:12:47,821 - views.main_view - INFO - Botón 'img/b7.png' encontrado en (1251, 186) - Confianza: 1.00
2025-09-30 13:12:52,853 - views.main_view - INFO - Botón 'img/b8.png' encontrado en (1261, 404) - Confianza: 0.83
2025-09-30 13:12:52,867 - views.main_view - INFO - Presionando Enter 3 veces
2025-09-30 13:12:55,488 - views.main_view - INFO - Secuencia completada para lote 66 de 465
2025-09-30 13:12:55,495 - views.main_view - INFO - Esperando 1 segundos antes del próximo lote...
2025-09-30 13:12:55,504 - views.main_view - INFO - Tiempo restante: 1 segundos
2025-09-30 13:12:56,513 - utils.config_manager - INFO - Configuración guardada correctamente
2025-09-30 13:12:56,522 - views.main_view - INFO - Procesando lote 67 de 465
2025-09-30 13:12:56,526 - views.main_view - INFO - Procesando archivo: LT 67.kml
2025-09-30 13:12:56,530 - views.main_view - INFO - Usando formato: LT
2025-09-30 13:12:59,529 - views.main_view - INFO - Botón 'img/b1.png' encontrado en (444, 220) - Confianza: 1.00
2025-09-30 13:13:04,546 - views.main_view - INFO - Botón 'img/b2.png' encontrado en (1388, 595) - Confianza: 1.00
2025-09-30 13:13:09,579 - views.main_view - INFO - Botón 'img/b3.png' encontrado en (1412, 634) - Confianza: 0.89
2025-09-30 13:13:13,424 - views.main_view - INFO - Botón 'img/b4.png' no encontrado. Mejor coincidencia: 0.48 (Intento 2)
2025-09-30 13:13:16,492 - views.main_view - INFO - Botón 'img/b4.png' encontrado en (1115, 654) - Confianza: 1.00
2025-09-30 13:13:19,774 - controllers.image_search_controller - INFO - Ventana encontrada con confianza: 1.00
2025-09-30 13:13:19,776 - controllers.image_search_controller - INFO - Coordenadas ventana: x=1040, y=330
2025-09-30 13:13:19,776 - controllers.image_search_controller - INFO - Coordenadas campo texto: x=1334, y=830
2025-09-30 13:13:19,778 - utils.ahk_manager - INFO - Comando enviado a AHK: 1334,830,LT 67.kml
2025-09-30 13:13:34,788 - views.main_view - INFO - Botón 'img/b1.png' encontrado en (444, 220) - Confianza: 0.88
2025-09-30 13:13:39,816 - views.main_view - INFO - Botón 'img/b6.png' encontrado en (1397, 665) - Confianza: 1.00
2025-09-30 13:13:44,818 - views.main_view - INFO - Botón 'img/b7.png' encontrado en (1251, 186) - Confianza: 1.00
2025-09-30 13:13:49,844 - views.main_view - INFO - Botón 'img/b8.png' encontrado en (1261, 404) - Confianza: 0.83
2025-09-30 13:13:49,857 - views.main_view - INFO - Presionando Enter 3 veces
2025-09-30 13:13:52,521 - views.main_view - INFO - Secuencia completada para lote 67 de 465
2025-09-30 13:13:52,528 - views.main_view - INFO - Esperando 1 segundos antes del próximo lote...
2025-09-30 13:13:52,536 - views.main_view - INFO - Tiempo restante: 1 segundos
2025-09-30 13:13:53,546 - utils.config_manager - INFO - Configuración guardada correctamente
2025-09-30 13:13:53,555 - views.main_view - INFO - Procesando lote 68 de 465
2025-09-30 13:13:53,561 - views.main_view - INFO - Procesando archivo: LT 68.kml
2025-09-30 13:13:53,570 - views.main_view - INFO - Usando formato: LT
2025-09-30 13:13:56,587 - views.main_view - INFO - Botón 'img/b1.png' encontrado en (444, 220) - Confianza: 1.00
2025-09-30 13:14:01,610 - views.main_view - INFO - Botón 'img/b2.png' encontrado en (1388, 595) - Confianza: 1.00
2025-09-30 13:14:06,615 - views.main_view - INFO - Botón 'img/b3.png' encontrado en (1412, 634) - Confianza: 0.89
2025-09-30 13:14:10,431 - views.main_view - INFO - Botón 'img/b4.png' no encontrado. Mejor coincidencia: 0.48 (Intento 2)
2025-09-30 13:14:13,475 - views.main_view - INFO - Botón 'img/b4.png' encontrado en (1115, 654) - Confianza: 1.00
2025-09-30 13:14:16,761 - controllers.image_search_controller - INFO - Ventana encontrada con confianza: 1.00
2025-09-30 13:14:16,763 - controllers.image_search_controller - INFO - Coordenadas ventana: x=1040, y=330
2025-09-30 13:14:16,763 - controllers.image_search_controller - INFO - Coordenadas campo texto: x=1334, y=830
2025-09-30 13:14:16,766 - utils.ahk_manager - INFO - Comando enviado a AHK: 1334,830,LT 68.kml
2025-09-30 13:14:31,768 - views.main_view - INFO - Botón 'img/b1.png' encontrado en (444, 220) - Confianza: 0.88
2025-09-30 13:14:36,778 - views.main_view - INFO - Botón 'img/b6.png' encontrado en (1397, 665) - Confianza: 1.00
2025-09-30 13:14:41,780 - views.main_view - INFO - Botón 'img/b7.png' encontrado en (1251, 186) - Confianza: 1.00
2025-09-30 13:14:46,796 - views.main_view - INFO - Botón 'img/b8.png' encontrado en (1261, 404) - Confianza: 0.83
2025-09-30 13:14:46,810 - views.main_view - INFO - Presionando Enter 3 veces
2025-09-30 13:14:49,430 - views.main_view - INFO - Secuencia completada para lote 68 de 465
2025-09-30 13:14:49,437 - views.main_view - INFO - Esperando 1 segundos antes del próximo lote...
2025-09-30 13:14:49,444 - views.main_view - INFO - Tiempo restante: 1 segundos
2025-09-30 13:14:50,455 - utils.config_manager - INFO - Configuración guardada correctamente
2025-09-30 13:14:50,464 - views.main_view - INFO - Procesando lote 69 de 465
2025-09-30 13:14:50,467 - views.main_view - INFO - Procesando archivo: LT 69.kml
2025-09-30 13:14:50,471 - views.main_view - INFO - Usando formato: LT
2025-09-30 13:14:53,458 - views.main_view - INFO - Botón 'img/b1.png' encontrado en (444, 220) - Confianza: 1.00
2025-09-30 13:14:58,471 - views.main_view - INFO - Botón 'img/b2.png' encontrado en (1388, 595) - Confianza: 1.00
2025-09-30 13:15:03,493 - views.main_view - INFO - Botón 'img/b3.png' encontrado en (1412, 634) - Confianza: 0.89
2025-09-30 13:15:07,342 - views.main_view - INFO - Botón 'img/b4.png' no encontrado. Mejor coincidencia: 0.48 (Intento 2)
2025-09-30 13:15:10,403 - views.main_view - INFO - Botón 'img/b4.png' encontrado en (1115, 654) - Confianza: 1.00
2025-09-30 13:15:13,728 - controllers.image_search_controller - INFO - Ventana encontrada con confianza: 1.00
2025-09-30 13:15:13,729 - controllers.image_search_controller - INFO - Coordenadas ventana: x=1040, y=330
2025-09-30 13:15:13,730 - controllers.image_search_controller - INFO - Coordenadas campo texto: x=1334, y=830
2025-09-30 13:15:13,732 - utils.ahk_manager - INFO - Comando enviado a AHK: 1334,830,LT 69.kml
2025-09-30 13:15:28,734 - views.main_view - INFO - Botón 'img/b1.png' encontrado en (444, 220) - Confianza: 1.00
2025-09-30 13:15:33,751 - views.main_view - INFO - Botón 'img/b6.png' encontrado en (1397, 665) - Confianza: 1.00
2025-09-30 13:15:38,731 - views.main_view - INFO - Botón 'img/b7.png' encontrado en (1251, 186) - Confianza: 1.00
2025-09-30 13:15:43,746 - views.main_view - INFO - Botón 'img/b8.png' encontrado en (1261, 404) - Confianza: 0.83
2025-09-30 13:15:43,752 - views.main_view - INFO - Presionando Enter 3 veces
2025-09-30 13:15:46,422 - views.main_view - INFO - Secuencia completada para lote 69 de 465
2025-09-30 13:15:46,427 - views.main_view - INFO - Esperando 1 segundos antes del próximo lote...
2025-09-30 13:15:46,431 - views.main_view - INFO - Tiempo restante: 1 segundos
2025-09-30 13:15:47,440 - utils.config_manager - INFO - Configuración guardada correctamente
2025-09-30 13:15:47,449 - views.main_view - INFO - Procesando lote 70 de 465
2025-09-30 13:15:47,457 - views.main_view - INFO - Procesando archivo: LT 70.kml
2025-09-30 13:15:47,464 - views.main_view - INFO - Usando formato: LT
2025-09-30 13:15:50,456 - views.main_view - INFO - Botón 'img/b1.png' encontrado en (444, 220) - Confianza: 1.00
2025-09-30 13:15:55,465 - views.main_view - INFO - Botón 'img/b2.png' encontrado en (1388, 595) - Confianza: 1.00
2025-09-30 13:16:00,469 - views.main_view - INFO - Botón 'img/b3.png' encontrado en (1412, 634) - Confianza: 0.89
2025-09-30 13:16:04,316 - views.main_view - INFO - Botón 'img/b4.png' no encontrado. Mejor coincidencia: 0.48 (Intento 2)
2025-09-30 13:16:06,172 - views.main_view - INFO - Botón 'img/b4.png' no encontrado. Mejor coincidencia: 0.48 (Intento 3)
2025-09-30 13:16:08,015 - views.main_view - INFO - Botón 'img/b4.png' no encontrado. Mejor coincidencia: 0.48 (Intento 4)
2025-09-30 13:16:11,039 - views.main_view - INFO - Botón 'img/b4.png' encontrado en (1115, 654) - Confianza: 1.00
2025-09-30 13:16:14,347 - controllers.image_search_controller - INFO - Ventana encontrada con confianza: 1.00
2025-09-30 13:16:14,348 - controllers.image_search_controller - INFO - Coordenadas ventana: x=1040, y=330
2025-09-30 13:16:14,349 - controllers.image_search_controller - INFO - Coordenadas campo texto: x=1334, y=830
2025-09-30 13:16:14,351 - utils.ahk_manager - INFO - Comando enviado a AHK: 1334,830,LT 70.kml
2025-09-30 13:16:29,365 - views.main_view - INFO - Botón 'img/b1.png' encontrado en (444, 220) - Confianza: 0.88
2025-09-30 13:16:34,360 - views.main_view - INFO - Botón 'img/b6.png' encontrado en (1397, 665) - Confianza: 1.00
2025-09-30 13:16:39,352 - views.main_view - INFO - Botón 'img/b7.png' encontrado en (1251, 186) - Confianza: 1.00
2025-09-30 13:16:44,364 - views.main_view - INFO - Botón 'img/b8.png' encontrado en (1261, 404) - Confianza: 0.83
2025-09-30 13:16:44,373 - views.main_view - INFO - Presionando Enter 3 veces
2025-09-30 13:16:46,986 - views.main_view - INFO - Presionando 'S' para guardar cambios
2025-09-30 13:16:48,095 - views.main_view - INFO - Secuencia completada para lote 70 de 465
2025-09-30 13:16:48,103 - views.main_view - INFO - Esperando 1 segundos antes del próximo lote...
2025-09-30 13:16:48,109 - views.main_view - INFO - Tiempo restante: 1 segundos
2025-09-30 13:16:49,119 - utils.config_manager - INFO - Configuración guardada correctamente
2025-09-30 13:16:49,124 - views.main_view - INFO - Procesando lote 71 de 465
2025-09-30 13:16:49,132 - views.main_view - INFO - Procesando archivo: LT 71.kml
2025-09-30 13:16:49,136 - views.main_view - INFO - Usando formato: LT
2025-09-30 13:16:52,167 - views.main_view - INFO - Botón 'img/b1.png' encontrado en (444, 220) - Confianza: 1.00
2025-09-30 13:16:57,189 - views.main_view - INFO - Botón 'img/b2.png' encontrado en (1388, 595) - Confianza: 1.00
2025-09-30 13:17:02,209 - views.main_view - INFO - Botón 'img/b3.png' encontrado en (1412, 634) - Confianza: 0.89
2025-09-30 13:17:06,049 - views.main_view - INFO - Botón 'img/b4.png' no encontrado. Mejor coincidencia: 0.48 (Intento 2)
2025-09-30 13:17:09,123 - views.main_view - INFO - Botón 'img/b4.png' encontrado en (1115, 654) - Confianza: 1.00
2025-09-30 13:17:12,417 - controllers.image_search_controller - INFO - Ventana encontrada con confianza: 1.00
2025-09-30 13:17:12,419 - controllers.image_search_controller - INFO - Coordenadas ventana: x=1040, y=330
2025-09-30 13:17:12,419 - controllers.image_search_controller - INFO - Coordenadas campo texto: x=1334, y=830
2025-09-30 13:17:12,422 - utils.ahk_manager - INFO - Comando enviado a AHK: 1334,830,LT 71.kml
2025-09-30 13:17:27,427 - views.main_view - INFO - Botón 'img/b1.png' encontrado en (444, 220) - Confianza: 1.00
2025-09-30 13:17:32,423 - views.main_view - INFO - Botón 'img/b6.png' encontrado en (1397, 665) - Confianza: 1.00
2025-09-30 13:17:37,446 - views.main_view - INFO - Botón 'img/b7.png' encontrado en (1251, 186) - Confianza: 1.00
2025-09-30 13:17:42,455 - views.main_view - INFO - Botón 'img/b8.png' encontrado en (1261, 404) - Confianza: 0.83
2025-09-30 13:17:42,469 - views.main_view - INFO - Presionando Enter 3 veces
2025-09-30 13:17:45,088 - views.main_view - INFO - Secuencia completada para lote 71 de 465
2025-09-30 13:17:45,094 - views.main_view - INFO - Esperando 1 segundos antes del próximo lote...
2025-09-30 13:17:45,099 - views.main_view - INFO - Tiempo restante: 1 segundos
2025-09-30 13:17:46,108 - utils.config_manager - INFO - Configuración guardada correctamente
2025-09-30 13:17:46,117 - views.main_view - INFO - Procesando lote 72 de 465
2025-09-30 13:17:46,123 - views.main_view - INFO - Procesando archivo: LT 72.kml
2025-09-30 13:17:46,131 - views.main_view - INFO - Usando formato: LT
2025-09-30 13:17:49,129 - views.main_view - INFO - Botón 'img/b1.png' encontrado en (444, 220) - Confianza: 1.00
2025-09-30 13:17:54,139 - views.main_view - INFO - Botón 'img/b2.png' encontrado en (1388, 595) - Confianza: 1.00
2025-09-30 13:17:59,166 - views.main_view - INFO - Botón 'img/b3.png' encontrado en (1412, 634) - Confianza: 0.89
2025-09-30 13:18:03,006 - views.main_view - INFO - Botón 'img/b4.png' no encontrado. Mejor coincidencia: 0.48 (Intento 2)
2025-09-30 13:18:06,029 - views.main_view - INFO - Botón 'img/b4.png' encontrado en (1115, 654) - Confianza: 1.00
2025-09-30 13:18:09,327 - controllers.image_search_controller - INFO - Ventana encontrada con confianza: 1.00
2025-09-30 13:18:09,329 - controllers.image_search_controller - INFO - Coordenadas ventana: x=1040, y=330
2025-09-30 13:18:09,329 - controllers.image_search_controller - INFO - Coordenadas campo texto: x=1334, y=830
2025-09-30 13:18:09,332 - utils.ahk_manager - INFO - Comando enviado a AHK: 1334,830,LT 72.kml
2025-09-30 13:18:24,348 - views.main_view - INFO - Botón 'img/b1.png' encontrado en (444, 220) - Confianza: 0.88
2025-09-30 13:18:29,371 - views.main_view - INFO - Botón 'img/b6.png' encontrado en (1397, 665) - Confianza: 1.00
2025-09-30 13:18:34,371 - views.main_view - INFO - Botón 'img/b7.png' encontrado en (1251, 186) - Confianza: 1.00
2025-09-30 13:18:39,374 - views.main_view - INFO - Botón 'img/b8.png' encontrado en (1261, 404) - Confianza: 0.83
2025-09-30 13:18:39,388 - views.main_view - INFO - Presionando Enter 3 veces
2025-09-30 13:18:42,060 - views.main_view - INFO - Secuencia completada para lote 72 de 465
2025-09-30 13:18:42,067 - views.main_view - INFO - Esperando 1 segundos antes del próximo lote...
2025-09-30 13:18:42,076 - views.main_view - INFO - Tiempo restante: 1 segundos
2025-09-30 13:18:43,086 - utils.config_manager - INFO - Configuración guardada correctamente
2025-09-30 13:18:43,095 - views.main_view - INFO - Procesando lote 73 de 465
2025-09-30 13:18:43,100 - views.main_view - INFO - Procesando archivo: LT 73.kml
2025-09-30 13:18:43,108 - views.main_view - INFO - Usando formato: LT
2025-09-30 13:18:46,138 - views.main_view - INFO - Botón 'img/b1.png' encontrado en (444, 220) - Confianza: 1.00
2025-09-30 13:18:51,140 - views.main_view - INFO - Botón 'img/b2.png' encontrado en (1388, 595) - Confianza: 1.00
2025-09-30 13:18:56,175 - views.main_view - INFO - Botón 'img/b3.png' encontrado en (1412, 634) - Confianza: 0.89
2025-09-30 13:19:00,035 - views.main_view - INFO - Botón 'img/b4.png' no encontrado. Mejor coincidencia: 0.48 (Intento 2)
2025-09-30 13:19:03,069 - views.main_view - INFO - Botón 'img/b4.png' encontrado en (1115, 654) - Confianza: 1.00
2025-09-30 13:19:06,370 - controllers.image_search_controller - INFO - Ventana encontrada con confianza: 1.00
2025-09-30 13:19:06,372 - controllers.image_search_controller - INFO - Coordenadas ventana: x=1040, y=330
2025-09-30 13:19:06,372 - controllers.image_search_controller - INFO - Coordenadas campo texto: x=1334, y=830
2025-09-30 13:19:06,375 - utils.ahk_manager - INFO - Comando enviado a AHK: 1334,830,LT 73.kml
2025-09-30 13:19:21,383 - views.main_view - INFO - Botón 'img/b1.png' encontrado en (444, 220) - Confianza: 0.88
2025-09-30 13:19:26,396 - views.main_view - INFO - Botón 'img/b6.png' encontrado en (1397, 665) - Confianza: 1.00
2025-09-30 13:19:31,425 - views.main_view - INFO - Botón 'img/b7.png' encontrado en (1251, 186) - Confianza: 1.00
2025-09-30 13:19:36,424 - views.main_view - INFO - Botón 'img/b8.png' encontrado en (1261, 404) - Confianza: 0.83
2025-09-30 13:19:36,428 - views.main_view - INFO - Presionando Enter 3 veces
2025-09-30 13:19:39,046 - views.main_view - INFO - Secuencia completada para lote 73 de 465
2025-09-30 13:19:39,051 - views.main_view - INFO - Esperando 1 segundos antes del próximo lote...
2025-09-30 13:19:39,055 - views.main_view - INFO - Tiempo restante: 1 segundos
2025-09-30 13:19:40,065 - utils.config_manager - INFO - Configuración guardada correctamente
2025-09-30 13:19:40,073 - views.main_view - INFO - Procesando lote 74 de 465
2025-09-30 13:19:40,079 - views.main_view - INFO - Procesando archivo: LT 74.kml
2025-09-30 13:19:40,087 - views.main_view - INFO - Usando formato: LT
2025-09-30 13:19:43,096 - views.main_view - INFO - Botón 'img/b1.png' encontrado en (444, 220) - Confianza: 1.00
2025-09-30 13:19:48,084 - views.main_view - INFO - Botón 'img/b2.png' encontrado en (1388, 595) - Confianza: 1.00
2025-09-30 13:19:53,093 - views.main_view - INFO - Botón 'img/b3.png' encontrado en (1412, 634) - Confianza: 0.89
2025-09-30 13:19:56,941 - views.main_view - INFO - Botón 'img/b4.png' no encontrado. Mejor coincidencia: 0.48 (Intento 2)
2025-09-30 13:19:59,993 - views.main_view - INFO - Botón 'img/b4.png' encontrado en (1115, 654) - Confianza: 1.00
2025-09-30 13:20:03,266 - controllers.image_search_controller - INFO - Ventana encontrada con confianza: 1.00
2025-09-30 13:20:03,268 - controllers.image_search_controller - INFO - Coordenadas ventana: x=1040, y=330
2025-09-30 13:20:03,268 - controllers.image_search_controller - INFO - Coordenadas campo texto: x=1334, y=830
2025-09-30 13:20:03,271 - utils.ahk_manager - INFO - Comando enviado a AHK: 1334,830,LT 74.kml
2025-09-30 13:20:18,246 - views.main_view - INFO - Botón 'img/b1.png' encontrado en (444, 220) - Confianza: 0.88
2025-09-30 13:20:23,264 - views.main_view - INFO - Botón 'img/b6.png' encontrado en (1397, 665) - Confianza: 1.00
2025-09-30 13:20:28,279 - views.main_view - INFO - Botón 'img/b7.png' encontrado en (1251, 186) - Confianza: 1.00
2025-09-30 13:20:33,289 - views.main_view - INFO - Botón 'img/b8.png' encontrado en (1261, 404) - Confianza: 0.83
2025-09-30 13:20:33,296 - views.main_view - INFO - Presionando Enter 3 veces
2025-09-30 13:20:35,923 - views.main_view - INFO - Secuencia completada para lote 74 de 465
2025-09-30 13:20:35,925 - views.main_view - INFO - Esperando 1 segundos antes del próximo lote...
2025-09-30 13:20:35,927 - views.main_view - INFO - Tiempo restante: 1 segundos
2025-09-30 13:20:36,936 - utils.config_manager - INFO - Configuración guardada correctamente
2025-09-30 13:20:36,945 - views.main_view - INFO - Procesando lote 75 de 465
2025-09-30 13:20:36,950 - views.main_view - INFO - Procesando archivo: LT 75.kml
2025-09-30 13:20:36,955 - views.main_view - INFO - Usando formato: LT
2025-09-30 13:20:39,964 - views.main_view - INFO - Botón 'img/b1.png' encontrado en (444, 220) - Confianza: 1.00
2025-09-30 13:20:44,965 - views.main_view - INFO - Botón 'img/b2.png' encontrado en (1388, 595) - Confianza: 1.00
2025-09-30 13:20:49,986 - views.main_view - INFO - Botón 'img/b3.png' encontrado en (1412, 634) - Confianza: 0.89
2025-09-30 13:20:53,837 - views.main_view - INFO - Botón 'img/b4.png' no encontrado. Mejor coincidencia: 0.48 (Intento 2)
2025-09-30 13:20:56,872 - views.main_view - INFO - Botón 'img/b4.png' encontrado en (1115, 654) - Confianza: 1.00
2025-09-30 13:21:00,161 - controllers.image_search_controller - INFO - Ventana encontrada con confianza: 1.00
2025-09-30 13:21:00,162 - controllers.image_search_controller - INFO - Coordenadas ventana: x=1040, y=330
2025-09-30 13:21:00,163 - controllers.image_search_controller - INFO - Coordenadas campo texto: x=1334, y=830
2025-09-30 13:21:00,165 - utils.ahk_manager - INFO - Comando enviado a AHK: 1334,830,LT 75.kml
2025-09-30 13:21:15,154 - views.main_view - INFO - Botón 'img/b1.png' encontrado en (444, 220) - Confianza: 0.88
2025-09-30 13:21:20,160 - views.main_view - INFO - Botón 'img/b6.png' encontrado en (1397, 665) - Confianza: 1.00
2025-09-30 13:21:25,173 - views.main_view - INFO - Botón 'img/b7.png' encontrado en (1251, 186) - Confianza: 1.00
2025-09-30 13:21:30,182 - views.main_view - INFO - Botón 'img/b8.png' encontrado en (1261, 404) - Confianza: 0.83
2025-09-30 13:21:30,196 - views.main_view - INFO - Presionando Enter 3 veces
2025-09-30 13:21:32,815 - views.main_view - INFO - Secuencia completada para lote 75 de 465
2025-09-30 13:21:32,822 - views.main_view - INFO - Esperando 1 segundos antes del próximo lote...
2025-09-30 13:21:32,827 - views.main_view - INFO - Tiempo restante: 1 segundos
2025-09-30 13:21:33,837 - utils.config_manager - INFO - Configuración guardada correctamente
2025-09-30 13:21:33,846 - views.main_view - INFO - Procesando lote 76 de 465
2025-09-30 13:21:33,854 - views.main_view - INFO - Procesando archivo: LT 76.kml
2025-09-30 13:21:33,861 - views.main_view - INFO - Usando formato: LT
2025-09-30 13:21:36,882 - views.main_view - INFO - Botón 'img/b1.png' encontrado en (444, 220) - Confianza: 1.00
2025-09-30 13:21:41,890 - views.main_view - INFO - Botón 'img/b2.png' encontrado en (1388, 595) - Confianza: 1.00
2025-09-30 13:21:46,901 - views.main_view - INFO - Botón 'img/b3.png' encontrado en (1412, 634) - Confianza: 0.89
2025-09-30 13:21:50,760 - views.main_view - INFO - Botón 'img/b4.png' no encontrado. Mejor coincidencia: 0.48 (Intento 2)
2025-09-30 13:21:52,598 - views.main_view - INFO - Botón 'img/b4.png' no encontrado. Mejor coincidencia: 0.48 (Intento 3)
2025-09-30 13:21:55,609 - views.main_view - INFO - Botón 'img/b4.png' encontrado en (1115, 654) - Confianza: 1.00
2025-09-30 13:21:58,887 - controllers.image_search_controller - INFO - Ventana encontrada con confianza: 1.00
2025-09-30 13:21:58,889 - controllers.image_search_controller - INFO - Coordenadas ventana: x=1040, y=330
2025-09-30 13:21:58,890 - controllers.image_search_controller - INFO - Coordenadas campo texto: x=1334, y=830
2025-09-30 13:21:58,892 - utils.ahk_manager - INFO - Comando enviado a AHK: 1334,830,LT 76.kml
2025-09-30 13:22:13,877 - views.main_view - INFO - Botón 'img/b1.png' encontrado en (444, 220) - Confianza: 1.00
2025-09-30 13:22:18,894 - views.main_view - INFO - Botón 'img/b6.png' encontrado en (1397, 665) - Confianza: 1.00
2025-09-30 13:22:23,901 - views.main_view - INFO - Botón 'img/b7.png' encontrado en (1251, 186) - Confianza: 1.00
2025-09-30 13:22:28,914 - views.main_view - INFO - Botón 'img/b8.png' encontrado en (1261, 404) - Confianza: 0.83
2025-09-30 13:22:28,927 - views.main_view - INFO - Presionando Enter 3 veces
2025-09-30 13:22:31,540 - views.main_view - INFO - Secuencia completada para lote 76 de 465
2025-09-30 13:22:31,543 - views.main_view - INFO - Esperando 1 segundos antes del próximo lote...
2025-09-30 13:22:31,547 - views.main_view - INFO - Tiempo restante: 1 segundos
2025-09-30 13:22:32,556 - utils.config_manager - INFO - Configuración guardada correctamente
2025-09-30 13:22:32,565 - views.main_view - INFO - Procesando lote 77 de 465
2025-09-30 13:22:32,570 - views.main_view - INFO - Procesando archivo: LT 77.kml
2025-09-30 13:22:32,580 - views.main_view - INFO - Usando formato: LT
2025-09-30 13:22:35,572 - views.main_view - INFO - Botón 'img/b1.png' encontrado en (444, 220) - Confianza: 1.00
2025-09-30 13:22:40,576 - views.main_view - INFO - Botón 'img/b2.png' encontrado en (1388, 595) - Confianza: 1.00
2025-09-30 13:22:44,405 - views.main_view - INFO - Botón 'img/b3.png' no encontrado. Mejor coincidencia: 0.59 (Intento 2)
2025-09-30 13:22:47,411 - views.main_view - INFO - Botón 'img/b3.png' encontrado en (1412, 634) - Confianza: 0.89
2025-09-30 13:22:51,240 - views.main_view - INFO - Botón 'img/b4.png' no encontrado. Mejor coincidencia: 0.48 (Intento 2)
2025-09-30 13:22:53,085 - views.main_view - INFO - Botón 'img/b4.png' no encontrado. Mejor coincidencia: 0.48 (Intento 3)
2025-09-30 13:22:54,899 - views.main_view - INFO - Botón 'img/b4.png' no encontrado. Mejor coincidencia: 0.48 (Intento 4)
2025-09-30 13:22:57,922 - views.main_view - INFO - Botón 'img/b4.png' encontrado en (1115, 654) - Confianza: 1.00
2025-09-30 13:23:01,187 - controllers.image_search_controller - INFO - Ventana encontrada con confianza: 1.00
2025-09-30 13:23:01,189 - controllers.image_search_controller - INFO - Coordenadas ventana: x=1040, y=330
2025-09-30 13:23:01,189 - controllers.image_search_controller - INFO - Coordenadas campo texto: x=1334, y=830
2025-09-30 13:23:01,192 - utils.ahk_manager - INFO - Comando enviado a AHK: 1334,830,LT 77.kml
2025-09-30 13:23:16,205 - views.main_view - INFO - Botón 'img/b1.png' encontrado en (444, 220) - Confianza: 0.88
2025-09-30 13:23:21,217 - views.main_view - INFO - Botón 'img/b6.png' encontrado en (1397, 665) - Confianza: 1.00
2025-09-30 13:23:26,222 - views.main_view - INFO - Botón 'img/b7.png' encontrado en (1251, 186) - Confianza: 1.00
2025-09-30 13:23:31,261 - views.main_view - INFO - Botón 'img/b8.png' encontrado en (1261, 404) - Confianza: 0.83
2025-09-30 13:23:31,275 - views.main_view - INFO - Presionando Enter 3 veces
2025-09-30 13:23:33,895 - views.main_view - INFO - Secuencia completada para lote 77 de 465
2025-09-30 13:23:33,902 - views.main_view - INFO - Esperando 1 segundos antes del próximo lote...
2025-09-30 13:23:33,910 - views.main_view - INFO - Tiempo restante: 1 segundos
2025-09-30 13:23:34,920 - utils.config_manager - INFO - Configuración guardada correctamente
2025-09-30 13:23:34,929 - views.main_view - INFO - Procesando lote 78 de 465
2025-09-30 13:23:34,935 - views.main_view - INFO - Procesando archivo: LT 78.kml
2025-09-30 13:23:34,942 - views.main_view - INFO - Usando formato: LT
2025-09-30 13:23:37,939 - views.main_view - INFO - Botón 'img/b1.png' encontrado en (444, 220) - Confianza: 1.00
2025-09-30 13:23:42,958 - views.main_view - INFO - Botón 'img/b2.png' encontrado en (1388, 595) - Confianza: 1.00
2025-09-30 13:23:47,966 - views.main_view - INFO - Botón 'img/b3.png' encontrado en (1412, 634) - Confianza: 0.89
2025-09-30 13:23:51,799 - views.main_view - INFO - Botón 'img/b4.png' no encontrado. Mejor coincidencia: 0.48 (Intento 2)
2025-09-30 13:23:53,662 - views.main_view - INFO - Botón 'img/b4.png' no encontrado. Mejor coincidencia: 0.48 (Intento 3)
2025-09-30 13:23:55,492 - views.main_view - INFO - Botón 'img/b4.png' no encontrado. Mejor coincidencia: 0.48 (Intento 4)
2025-09-30 13:23:58,504 - views.main_view - INFO - Botón 'img/b4.png' encontrado en (1115, 654) - Confianza: 1.00
2025-09-30 13:24:01,779 - controllers.image_search_controller - INFO - Ventana encontrada con confianza: 1.00
2025-09-30 13:24:01,781 - controllers.image_search_controller - INFO - Coordenadas ventana: x=1040, y=330
2025-09-30 13:24:01,781 - controllers.image_search_controller - INFO - Coordenadas campo texto: x=1334, y=830
2025-09-30 13:24:01,784 - utils.ahk_manager - INFO - Comando enviado a AHK: 1334,830,LT 78.kml
2025-09-30 13:24:16,778 - views.main_view - INFO - Botón 'img/b1.png' encontrado en (444, 220) - Confianza: 0.88
2025-09-30 13:24:21,780 - views.main_view - INFO - Botón 'img/b6.png' encontrado en (1397, 665) - Confianza: 1.00
2025-09-30 13:24:26,793 - views.main_view - INFO - Botón 'img/b7.png' encontrado en (1251, 186) - Confianza: 1.00
2025-09-30 13:24:30,589 - views.main_view - INFO - Botón 'img/b8.png' no encontrado. Mejor coincidencia: 0.60 (Intento 2)
2025-09-30 13:24:33,589 - views.main_view - INFO - Botón 'img/b8.png' encontrado en (1261, 404) - Confianza: 0.83
2025-09-30 13:24:33,602 - views.main_view - INFO - Presionando Enter 3 veces
2025-09-30 13:24:36,216 - views.main_view - INFO - Secuencia completada para lote 78 de 465
2025-09-30 13:24:36,218 - views.main_view - INFO - Esperando 1 segundos antes del próximo lote...
2025-09-30 13:24:36,220 - views.main_view - INFO - Tiempo restante: 1 segundos
2025-09-30 13:24:37,228 - utils.config_manager - INFO - Configuración guardada correctamente
2025-09-30 13:24:37,237 - views.main_view - INFO - Procesando lote 79 de 465
2025-09-30 13:24:37,243 - views.main_view - INFO - Procesando archivo: LT 79.kml
2025-09-30 13:24:37,250 - views.main_view - INFO - Usando formato: LT
2025-09-30 13:24:40,269 - views.main_view - INFO - Botón 'img/b1.png' encontrado en (444, 220) - Confianza: 1.00
2025-09-30 13:24:45,278 - views.main_view - INFO - Botón 'img/b2.png' encontrado en (1388, 595) - Confianza: 1.00
2025-09-30 13:24:50,287 - views.main_view - INFO - Botón 'img/b3.png' encontrado en (1412, 634) - Confianza: 0.89
2025-09-30 13:24:54,129 - views.main_view - INFO - Botón 'img/b4.png' no encontrado. Mejor coincidencia: 0.48 (Intento 2)
2025-09-30 13:24:55,968 - views.main_view - INFO - Botón 'img/b4.png' no encontrado. Mejor coincidencia: 0.48 (Intento 3)
2025-09-30 13:24:59,001 - views.main_view - INFO - Botón 'img/b4.png' encontrado en (1115, 654) - Confianza: 1.00
2025-09-30 13:25:02,247 - controllers.image_search_controller - INFO - Ventana encontrada con confianza: 1.00
2025-09-30 13:25:02,249 - controllers.image_search_controller - INFO - Coordenadas ventana: x=1040, y=330
2025-09-30 13:25:02,249 - controllers.image_search_controller - INFO - Coordenadas campo texto: x=1334, y=830
2025-09-30 13:25:02,251 - utils.ahk_manager - INFO - Comando enviado a AHK: 1334,830,LT 79.kml
2025-09-30 13:25:17,250 - views.main_view - INFO - Botón 'img/b1.png' encontrado en (444, 220) - Confianza: 1.00
2025-09-30 13:25:22,259 - views.main_view - INFO - Botón 'img/b6.png' encontrado en (1397, 665) - Confianza: 1.00
2025-09-30 13:25:27,271 - views.main_view - INFO - Botón 'img/b7.png' encontrado en (1251, 186) - Confianza: 1.00
2025-09-30 13:25:32,293 - views.main_view - INFO - Botón 'img/b8.png' encontrado en (1261, 404) - Confianza: 0.83
2025-09-30 13:25:32,307 - views.main_view - INFO - Presionando Enter 3 veces
2025-09-30 13:25:34,920 - views.main_view - INFO - Secuencia completada para lote 79 de 465
2025-09-30 13:25:34,922 - views.main_view - INFO - Esperando 1 segundos antes del próximo lote...
2025-09-30 13:25:34,924 - views.main_view - INFO - Tiempo restante: 1 segundos
2025-09-30 13:25:35,928 - utils.config_manager - INFO - Configuración guardada correctamente
2025-09-30 13:25:35,930 - views.main_view - INFO - Procesando lote 80 de 465
2025-09-30 13:25:35,931 - views.main_view - INFO - Procesando archivo: LT 80.kml
2025-09-30 13:25:35,933 - views.main_view - INFO - Usando formato: LT
2025-09-30 13:25:38,932 - views.main_view - INFO - Botón 'img/b1.png' encontrado en (444, 220) - Confianza: 1.00
2025-09-30 13:25:43,936 - views.main_view - INFO - Botón 'img/b2.png' encontrado en (1388, 595) - Confianza: 1.00
2025-09-30 13:25:48,954 - views.main_view - INFO - Botón 'img/b3.png' encontrado en (1412, 634) - Confianza: 0.89
2025-09-30 13:25:52,803 - views.main_view - INFO - Botón 'img/b4.png' no encontrado. Mejor coincidencia: 0.48 (Intento 2)
2025-09-30 13:25:54,634 - views.main_view - INFO - Botón 'img/b4.png' no encontrado. Mejor coincidencia: 0.48 (Intento 3)
2025-09-30 13:25:56,466 - views.main_view - INFO - Botón 'img/b4.png' no encontrado. Mejor coincidencia: 0.48 (Intento 4)
2025-09-30 13:25:58,335 - views.main_view - INFO - Botón 'img/b4.png' no encontrado. Mejor coincidencia: 0.48 (Intento 5)
2025-09-30 13:26:00,171 - views.main_view - INFO - Botón 'img/b4.png' no encontrado. Mejor coincidencia: 0.48 (Intento 6)
2025-09-30 13:26:02,023 - views.main_view - INFO - Botón 'img/b4.png' no encontrado. Mejor coincidencia: 0.48 (Intento 7)
2025-09-30 13:26:03,850 - views.main_view - INFO - Botón 'img/b4.png' no encontrado. Mejor coincidencia: 0.48 (Intento 8)
2025-09-30 13:26:05,701 - views.main_view - INFO - Botón 'img/b4.png' no encontrado. Mejor coincidencia: 0.48 (Intento 9)
2025-09-30 13:26:08,703 - views.main_view - INFO - Botón 'img/b4.png' encontrado en (1115, 654) - Confianza: 1.00
2025-09-30 13:26:11,980 - controllers.image_search_controller - INFO - Ventana encontrada con confianza: 1.00
2025-09-30 13:26:11,982 - controllers.image_search_controller - INFO - Coordenadas ventana: x=1040, y=330
2025-09-30 13:26:11,982 - controllers.image_search_controller - INFO - Coordenadas campo texto: x=1334, y=830
2025-09-30 13:26:11,985 - utils.ahk_manager - INFO - Comando enviado a AHK: 1334,830,LT 80.kml
2025-09-30 13:26:26,992 - views.main_view - INFO - Botón 'img/b1.png' encontrado en (444, 220) - Confianza: 0.88
2025-09-30 13:26:32,004 - views.main_view - INFO - Botón 'img/b6.png' encontrado en (1397, 665) - Confianza: 1.00
2025-09-30 13:26:37,013 - views.main_view - INFO - Botón 'img/b7.png' encontrado en (1251, 186) - Confianza: 1.00
2025-09-30 13:26:42,042 - views.main_view - INFO - Botón 'img/b8.png' encontrado en (1261, 404) - Confianza: 0.83
2025-09-30 13:26:42,055 - views.main_view - INFO - Presionando Enter 3 veces
2025-09-30 13:26:44,681 - views.main_view - INFO - Presionando 'S' para guardar cambios
2025-09-30 13:26:45,791 - views.main_view - INFO - Secuencia completada para lote 80 de 465
2025-09-30 13:26:45,799 - views.main_view - INFO - Esperando 1 segundos antes del próximo lote...
2025-09-30 13:26:45,804 - views.main_view - INFO - Tiempo restante: 1 segundos
2025-09-30 13:26:46,814 - utils.config_manager - INFO - Configuración guardada correctamente
2025-09-30 13:26:46,819 - views.main_view - INFO - Procesando lote 81 de 465
2025-09-30 13:26:46,828 - views.main_view - INFO - Procesando archivo: LT 81.kml
2025-09-30 13:26:46,834 - views.main_view - INFO - Usando formato: LT
2025-09-30 13:26:49,830 - views.main_view - INFO - Botón 'img/b1.png' encontrado en (444, 220) - Confianza: 1.00
2025-09-30 13:26:54,834 - views.main_view - INFO - Botón 'img/b2.png' encontrado en (1388, 595) - Confianza: 1.00
2025-09-30 13:26:59,853 - views.main_view - INFO - Botón 'img/b3.png' encontrado en (1412, 634) - Confianza: 0.89
2025-09-30 13:27:04,896 - views.main_view - INFO - Botón 'img/b4.png' encontrado en (1115, 654) - Confianza: 1.00
2025-09-30 13:27:08,173 - controllers.image_search_controller - INFO - Ventana encontrada con confianza: 1.00
2025-09-30 13:27:08,175 - controllers.image_search_controller - INFO - Coordenadas ventana: x=1040, y=330
2025-09-30 13:27:08,175 - controllers.image_search_controller - INFO - Coordenadas campo texto: x=1334, y=830
2025-09-30 13:27:08,178 - utils.ahk_manager - INFO - Comando enviado a AHK: 1334,830,LT 81.kml
2025-09-30 13:27:23,184 - views.main_view - INFO - Botón 'img/b1.png' encontrado en (444, 220) - Confianza: 0.88
2025-09-30 13:27:28,198 - views.main_view - INFO - Botón 'img/b6.png' encontrado en (1397, 665) - Confianza: 1.00
2025-09-30 13:27:33,195 - views.main_view - INFO - Botón 'img/b7.png' encontrado en (1251, 186) - Confianza: 1.00
2025-09-30 13:27:38,198 - views.main_view - INFO - Botón 'img/b8.png' encontrado en (1261, 404) - Confianza: 0.83
2025-09-30 13:27:38,211 - views.main_view - INFO - Presionando Enter 3 veces
2025-09-30 13:27:40,831 - views.main_view - INFO - Secuencia completada para lote 81 de 465
2025-09-30 13:27:40,837 - views.main_view - INFO - Esperando 1 segundos antes del próximo lote...
2025-09-30 13:27:40,843 - views.main_view - INFO - Tiempo restante: 1 segundos
2025-09-30 13:27:41,853 - utils.config_manager - INFO - Configuración guardada correctamente
2025-09-30 13:27:41,862 - views.main_view - INFO - Procesando lote 82 de 465
2025-09-30 13:27:41,868 - views.main_view - INFO - Procesando archivo: LT 82.kml
2025-09-30 13:27:41,876 - views.main_view - INFO - Usando formato: LT
2025-09-30 13:27:44,886 - views.main_view - INFO - Botón 'img/b1.png' encontrado en (444, 220) - Confianza: 1.00
2025-09-30 13:27:49,900 - views.main_view - INFO - Botón 'img/b2.png' encontrado en (1388, 595) - Confianza: 1.00
2025-09-30 13:27:54,887 - views.main_view - INFO - Botón 'img/b3.png' encontrado en (1412, 634) - Confianza: 0.89
2025-09-30 13:27:58,702 - views.main_view - INFO - Botón 'img/b4.png' no encontrado. Mejor coincidencia: 0.48 (Intento 2)
2025-09-30 13:28:01,728 - views.main_view - INFO - Botón 'img/b4.png' encontrado en (1115, 654) - Confianza: 1.00
2025-09-30 13:28:05,039 - controllers.image_search_controller - INFO - Ventana encontrada con confianza: 1.00
2025-09-30 13:28:05,041 - controllers.image_search_controller - INFO - Coordenadas ventana: x=1040, y=330
2025-09-30 13:28:05,041 - controllers.image_search_controller - INFO - Coordenadas campo texto: x=1334, y=830
2025-09-30 13:28:05,044 - utils.ahk_manager - INFO - Comando enviado a AHK: 1334,830,LT 82.kml
2025-09-30 13:28:20,062 - views.main_view - INFO - Botón 'img/b1.png' encontrado en (444, 220) - Confianza: 1.00
2025-09-30 13:28:25,086 - views.main_view - INFO - Botón 'img/b6.png' encontrado en (1397, 665) - Confianza: 1.00
2025-09-30 13:28:30,112 - views.main_view - INFO - Botón 'img/b7.png' encontrado en (1251, 186) - Confianza: 1.00
2025-09-30 13:28:35,116 - views.main_view - INFO - Botón 'img/b8.png' encontrado en (1261, 404) - Confianza: 0.83
2025-09-30 13:28:35,130 - views.main_view - INFO - Presionando Enter 3 veces
2025-09-30 13:28:37,748 - views.main_view - INFO - Secuencia completada para lote 82 de 465
2025-09-30 13:28:37,755 - views.main_view - INFO - Esperando 1 segundos antes del próximo lote...
2025-09-30 13:28:37,763 - views.main_view - INFO - Tiempo restante: 1 segundos
2025-09-30 13:28:38,772 - utils.config_manager - INFO - Configuración guardada correctamente
2025-09-30 13:28:38,781 - views.main_view - INFO - Procesando lote 83 de 465
2025-09-30 13:28:38,787 - views.main_view - INFO - Procesando archivo: LT 83.kml
2025-09-30 13:28:38,795 - views.main_view - INFO - Usando formato: LT
2025-09-30 13:28:41,825 - views.main_view - INFO - Botón 'img/b1.png' encontrado en (444, 220) - Confianza: 1.00
2025-09-30 13:28:46,819 - views.main_view - INFO - Botón 'img/b2.png' encontrado en (1388, 595) - Confianza: 1.00
2025-09-30 13:28:51,819 - views.main_view - INFO - Botón 'img/b3.png' encontrado en (1412, 634) - Confianza: 0.89
2025-09-30 13:28:56,845 - views.main_view - INFO - Botón 'img/b4.png' encontrado en (1115, 654) - Confianza: 1.00
2025-09-30 13:29:00,128 - controllers.image_search_controller - INFO - Ventana encontrada con confianza: 1.00
2025-09-30 13:29:00,131 - controllers.image_search_controller - INFO - Coordenadas ventana: x=1040, y=330
2025-09-30 13:29:00,131 - controllers.image_search_controller - INFO - Coordenadas campo texto: x=1334, y=830
2025-09-30 13:29:00,133 - utils.ahk_manager - INFO - Comando enviado a AHK: 1334,830,LT 83.kml
2025-09-30 13:29:15,125 - views.main_view - INFO - Botón 'img/b1.png' encontrado en (444, 220) - Confianza: 1.00
2025-09-30 13:29:20,132 - views.main_view - INFO - Botón 'img/b6.png' encontrado en (1397, 665) - Confianza: 1.00
2025-09-30 13:29:25,146 - views.main_view - INFO - Botón 'img/b7.png' encontrado en (1251, 186) - Confianza: 1.00
2025-09-30 13:29:30,156 - views.main_view - INFO - Botón 'img/b8.png' encontrado en (1261, 404) - Confianza: 0.83
2025-09-30 13:29:30,170 - views.main_view - INFO - Presionando Enter 3 veces
2025-09-30 13:29:32,792 - views.main_view - INFO - Secuencia completada para lote 83 de 465
2025-09-30 13:29:32,799 - views.main_view - INFO - Esperando 1 segundos antes del próximo lote...
2025-09-30 13:29:32,805 - views.main_view - INFO - Tiempo restante: 1 segundos
2025-09-30 13:29:33,814 - utils.config_manager - INFO - Configuración guardada correctamente
2025-09-30 13:29:33,823 - views.main_view - INFO - Procesando lote 84 de 465
2025-09-30 13:29:33,829 - views.main_view - INFO - Procesando archivo: LT 84.kml
2025-09-30 13:29:33,836 - views.main_view - INFO - Usando formato: LT
2025-09-30 13:29:36,831 - views.main_view - INFO - Botón 'img/b1.png' encontrado en (444, 220) - Confianza: 1.00
2025-09-30 13:29:41,850 - views.main_view - INFO - Botón 'img/b2.png' encontrado en (1388, 595) - Confianza: 1.00
2025-09-30 13:29:46,870 - views.main_view - INFO - Botón 'img/b3.png' encontrado en (1412, 634) - Confianza: 0.89
2025-09-30 13:29:50,691 - views.main_view - INFO - Botón 'img/b4.png' no encontrado. Mejor coincidencia: 0.48 (Intento 2)
2025-09-30 13:29:53,689 - views.main_view - INFO - Botón 'img/b4.png' encontrado en (1115, 654) - Confianza: 1.00
2025-09-30 13:29:56,960 - controllers.image_search_controller - INFO - Ventana encontrada con confianza: 1.00
2025-09-30 13:29:56,962 - controllers.image_search_controller - INFO - Coordenadas ventana: x=1040, y=330
2025-09-30 13:29:56,962 - controllers.image_search_controller - INFO - Coordenadas campo texto: x=1334, y=830
2025-09-30 13:29:56,964 - utils.ahk_manager - INFO - Comando enviado a AHK: 1334,830,LT 84.kml
2025-09-30 13:30:11,970 - views.main_view - INFO - Botón 'img/b1.png' encontrado en (444, 220) - Confianza: 1.00
2025-09-30 13:30:16,998 - views.main_view - INFO - Botón 'img/b6.png' encontrado en (1397, 665) - Confianza: 1.00
2025-09-30 13:30:22,022 - views.main_view - INFO - Botón 'img/b7.png' encontrado en (1251, 186) - Confianza: 1.00
2025-09-30 13:30:27,048 - views.main_view - INFO - Botón 'img/b8.png' encontrado en (1261, 404) - Confianza: 0.83
2025-09-30 13:30:27,061 - views.main_view - INFO - Presionando Enter 3 veces
2025-09-30 13:30:29,682 - views.main_view - INFO - Secuencia completada para lote 84 de 465
2025-09-30 13:30:29,689 - views.main_view - INFO - Esperando 1 segundos antes del próximo lote...
2025-09-30 13:30:29,696 - views.main_view - INFO - Tiempo restante: 1 segundos
2025-09-30 13:30:30,705 - utils.config_manager - INFO - Configuración guardada correctamente
2025-09-30 13:30:30,716 - views.main_view - INFO - Procesando lote 85 de 465
2025-09-30 13:30:30,722 - views.main_view - INFO - Procesando archivo: LT 85.kml
2025-09-30 13:30:30,728 - views.main_view - INFO - Usando formato: LT
2025-09-30 13:30:33,704 - views.main_view - INFO - Botón 'img/b1.png' encontrado en (444, 220) - Confianza: 1.00
2025-09-30 13:30:38,686 - views.main_view - INFO - Botón 'img/b2.png' encontrado en (1388, 595) - Confianza: 1.00
2025-09-30 13:30:43,724 - views.main_view - INFO - Botón 'img/b3.png' encontrado en (1412, 634) - Confianza: 0.89
2025-09-30 13:30:48,760 - views.main_view - INFO - Botón 'img/b4.png' encontrado en (1115, 654) - Confianza: 1.00
2025-09-30 13:30:52,022 - controllers.image_search_controller - INFO - Ventana encontrada con confianza: 1.00
2025-09-30 13:30:52,024 - controllers.image_search_controller - INFO - Coordenadas ventana: x=1040, y=330
2025-09-30 13:30:52,024 - controllers.image_search_controller - INFO - Coordenadas campo texto: x=1334, y=830
2025-09-30 13:30:52,027 - utils.ahk_manager - INFO - Comando enviado a AHK: 1334,830,LT 85.kml
2025-09-30 13:31:07,033 - views.main_view - INFO - Botón 'img/b1.png' encontrado en (444, 220) - Confianza: 1.00
2025-09-30 13:31:12,047 - views.main_view - INFO - Botón 'img/b6.png' encontrado en (1397, 665) - Confianza: 1.00
2025-09-30 13:31:17,062 - views.main_view - INFO - Botón 'img/b7.png' encontrado en (1251, 186) - Confianza: 1.00
2025-09-30 13:31:22,073 - views.main_view - INFO - Botón 'img/b8.png' encontrado en (1261, 404) - Confianza: 0.83
2025-09-30 13:31:22,080 - views.main_view - INFO - Presionando Enter 3 veces
2025-09-30 13:31:24,700 - views.main_view - INFO - Secuencia completada para lote 85 de 465
2025-09-30 13:31:24,708 - views.main_view - INFO - Esperando 1 segundos antes del próximo lote...
2025-09-30 13:31:24,716 - views.main_view - INFO - Tiempo restante: 1 segundos
2025-09-30 13:31:25,725 - utils.config_manager - INFO - Configuración guardada correctamente
2025-09-30 13:31:25,736 - views.main_view - INFO - Procesando lote 86 de 465
2025-09-30 13:31:25,739 - views.main_view - INFO - Procesando archivo: LT 86.kml
2025-09-30 13:31:25,744 - views.main_view - INFO - Usando formato: LT
2025-09-30 13:31:28,721 - views.main_view - INFO - Botón 'img/b1.png' encontrado en (444, 220) - Confianza: 1.00
2025-09-30 13:31:33,718 - views.main_view - INFO - Botón 'img/b2.png' encontrado en (1388, 595) - Confianza: 1.00
2025-09-30 13:31:38,706 - views.main_view - INFO - Botón 'img/b3.png' encontrado en (1412, 634) - Confianza: 0.89
2025-09-30 13:31:43,769 - views.main_view - INFO - Botón 'img/b4.png' encontrado en (1115, 654) - Confianza: 1.00
2025-09-30 13:31:47,044 - controllers.image_search_controller - INFO - Ventana encontrada con confianza: 1.00
2025-09-30 13:31:47,046 - controllers.image_search_controller - INFO - Coordenadas ventana: x=1040, y=330
2025-09-30 13:31:47,046 - controllers.image_search_controller - INFO - Coordenadas campo texto: x=1334, y=830
2025-09-30 13:31:47,049 - utils.ahk_manager - INFO - Comando enviado a AHK: 1334,830,LT 86.kml
2025-09-30 13:32:02,087 - views.main_view - INFO - Botón 'img/b1.png' encontrado en (444, 220) - Confianza: 1.00
2025-09-30 13:32:07,092 - views.main_view - INFO - Botón 'img/b6.png' encontrado en (1397, 665) - Confianza: 1.00
2025-09-30 13:32:12,117 - views.main_view - INFO - Botón 'img/b7.png' encontrado en (1251, 186) - Confianza: 1.00
2025-09-30 13:32:17,149 - views.main_view - INFO - Botón 'img/b8.png' encontrado en (1261, 404) - Confianza: 0.83
2025-09-30 13:32:17,158 - views.main_view - INFO - Presionando Enter 3 veces
2025-09-30 13:32:19,794 - views.main_view - INFO - Secuencia completada para lote 86 de 465
2025-09-30 13:32:19,799 - views.main_view - INFO - Esperando 1 segundos antes del próximo lote...
2025-09-30 13:32:19,804 - views.main_view - INFO - Tiempo restante: 1 segundos
2025-09-30 13:32:20,810 - utils.config_manager - INFO - Configuración guardada correctamente
2025-09-30 13:32:20,816 - views.main_view - INFO - Procesando lote 87 de 465
2025-09-30 13:32:20,820 - views.main_view - INFO - Procesando archivo: LT 87.kml
2025-09-30 13:32:20,824 - views.main_view - INFO - Usando formato: LT
2025-09-30 13:32:23,831 - views.main_view - INFO - Botón 'img/b1.png' encontrado en (444, 220) - Confianza: 1.00
2025-09-30 13:32:28,834 - views.main_view - INFO - Botón 'img/b2.png' encontrado en (1388, 595) - Confianza: 1.00
2025-09-30 13:32:33,836 - views.main_view - INFO - Botón 'img/b3.png' encontrado en (1412, 634) - Confianza: 0.89
2025-09-30 13:32:38,855 - views.main_view - INFO - Botón 'img/b4.png' encontrado en (1115, 654) - Confianza: 1.00
2025-09-30 13:32:42,142 - controllers.image_search_controller - INFO - Ventana encontrada con confianza: 1.00
2025-09-30 13:32:42,143 - controllers.image_search_controller - INFO - Coordenadas ventana: x=1040, y=330
2025-09-30 13:32:42,144 - controllers.image_search_controller - INFO - Coordenadas campo texto: x=1334, y=830
2025-09-30 13:32:42,146 - utils.ahk_manager - INFO - Comando enviado a AHK: 1334,830,LT 87.kml
2025-09-30 13:32:57,137 - views.main_view - INFO - Botón 'img/b1.png' encontrado en (444, 220) - Confianza: 0.88
2025-09-30 13:33:02,148 - views.main_view - INFO - Botón 'img/b6.png' encontrado en (1397, 665) - Confianza: 1.00
2025-09-30 13:33:07,159 - views.main_view - INFO - Botón 'img/b7.png' encontrado en (1251, 186) - Confianza: 1.00
2025-09-30 13:33:12,146 - views.main_view - INFO - Botón 'img/b8.png' encontrado en (1261, 404) - Confianza: 0.83
2025-09-30 13:33:12,152 - views.main_view - INFO - Presionando Enter 3 veces
2025-09-30 13:33:14,767 - views.main_view - INFO - Secuencia completada para lote 87 de 465
2025-09-30 13:33:14,773 - views.main_view - INFO - Esperando 1 segundos antes del próximo lote...
2025-09-30 13:33:14,780 - views.main_view - INFO - Tiempo restante: 1 segundos
2025-09-30 13:33:15,784 - utils.config_manager - INFO - Configuración guardada correctamente
2025-09-30 13:33:15,788 - views.main_view - INFO - Procesando lote 88 de 465
2025-09-30 13:33:15,790 - views.main_view - INFO - Procesando archivo: LT 88.kml
2025-09-30 13:33:15,792 - views.main_view - INFO - Usando formato: LT
2025-09-30 13:33:18,772 - views.main_view - INFO - Botón 'img/b1.png' encontrado en (444, 220) - Confianza: 1.00
2025-09-30 13:33:23,796 - views.main_view - INFO - Botón 'img/b2.png' encontrado en (1388, 595) - Confianza: 1.00
2025-09-30 13:33:28,830 - views.main_view - INFO - Botón 'img/b3.png' encontrado en (1412, 634) - Confianza: 0.89
2025-09-30 13:33:33,888 - views.main_view - INFO - Botón 'img/b4.png' encontrado en (1115, 654) - Confianza: 1.00
2025-09-30 13:33:37,170 - controllers.image_search_controller - INFO - Ventana encontrada con confianza: 1.00
2025-09-30 13:33:37,172 - controllers.image_search_controller - INFO - Coordenadas ventana: x=1040, y=330
2025-09-30 13:33:37,173 - controllers.image_search_controller - INFO - Coordenadas campo texto: x=1334, y=830
2025-09-30 13:33:37,175 - utils.ahk_manager - INFO - Comando enviado a AHK: 1334,830,LT 88.kml
2025-09-30 13:33:52,181 - views.main_view - INFO - Botón 'img/b1.png' encontrado en (444, 220) - Confianza: 0.88
2025-09-30 13:33:57,191 - views.main_view - INFO - Botón 'img/b6.png' encontrado en (1397, 665) - Confianza: 1.00
2025-09-30 13:34:02,186 - views.main_view - INFO - Botón 'img/b7.png' encontrado en (1251, 186) - Confianza: 1.00
2025-09-30 13:34:07,192 - views.main_view - INFO - Botón 'img/b8.png' encontrado en (1261, 404) - Confianza: 0.83
2025-09-30 13:34:07,207 - views.main_view - INFO - Presionando Enter 3 veces
2025-09-30 13:34:09,850 - views.main_view - INFO - Secuencia completada para lote 88 de 465
2025-09-30 13:34:09,857 - views.main_view - INFO - Esperando 1 segundos antes del próximo lote...
2025-09-30 13:34:09,866 - views.main_view - INFO - Tiempo restante: 1 segundos
2025-09-30 13:34:10,876 - utils.config_manager - INFO - Configuración guardada correctamente
2025-09-30 13:34:10,885 - views.main_view - INFO - Procesando lote 89 de 465
2025-09-30 13:34:10,892 - views.main_view - INFO - Procesando archivo: LT 89.kml
2025-09-30 13:34:10,899 - views.main_view - INFO - Usando formato: LT
2025-09-30 13:34:13,896 - views.main_view - INFO - Botón 'img/b1.png' encontrado en (444, 220) - Confianza: 1.00
2025-09-30 13:34:18,900 - views.main_view - INFO - Botón 'img/b2.png' encontrado en (1388, 595) - Confianza: 1.00
2025-09-30 13:34:23,915 - views.main_view - INFO - Botón 'img/b3.png' encontrado en (1412, 634) - Confianza: 0.89
2025-09-30 13:34:27,751 - views.main_view - INFO - Botón 'img/b4.png' no encontrado. Mejor coincidencia: 0.48 (Intento 2)
2025-09-30 13:34:30,774 - views.main_view - INFO - Botón 'img/b4.png' encontrado en (1115, 654) - Confianza: 1.00
2025-09-30 13:34:34,043 - controllers.image_search_controller - INFO - Ventana encontrada con confianza: 1.00
2025-09-30 13:34:34,045 - controllers.image_search_controller - INFO - Coordenadas ventana: x=1040, y=330
2025-09-30 13:34:34,045 - controllers.image_search_controller - INFO - Coordenadas campo texto: x=1334, y=830
2025-09-30 13:34:34,048 - utils.ahk_manager - INFO - Comando enviado a AHK: 1334,830,LT 89.kml
2025-09-30 13:34:49,072 - views.main_view - INFO - Botón 'img/b1.png' encontrado en (444, 220) - Confianza: 1.00
2025-09-30 13:34:54,099 - views.main_view - INFO - Botón 'img/b6.png' encontrado en (1397, 665) - Confianza: 1.00
2025-09-30 13:34:59,116 - views.main_view - INFO - Botón 'img/b7.png' encontrado en (1251, 186) - Confianza: 1.00
2025-09-30 13:35:04,115 - views.main_view - INFO - Botón 'img/b8.png' encontrado en (1261, 404) - Confianza: 0.83
2025-09-30 13:35:04,128 - views.main_view - INFO - Presionando Enter 3 veces
2025-09-30 13:35:06,798 - views.main_view - INFO - Secuencia completada para lote 89 de 465
2025-09-30 13:35:06,801 - views.main_view - INFO - Esperando 1 segundos antes del próximo lote...
2025-09-30 13:35:06,804 - views.main_view - INFO - Tiempo restante: 1 segundos
2025-09-30 13:35:07,809 - utils.config_manager - INFO - Configuración guardada correctamente
2025-09-30 13:35:07,813 - views.main_view - INFO - Procesando lote 90 de 465
2025-09-30 13:35:07,816 - views.main_view - INFO - Procesando archivo: LT 90.kml
2025-09-30 13:35:07,819 - views.main_view - INFO - Usando formato: LT
2025-09-30 13:35:10,792 - views.main_view - INFO - Botón 'img/b1.png' encontrado en (444, 220) - Confianza: 1.00
2025-09-30 13:35:15,766 - views.main_view - INFO - Botón 'img/b2.png' encontrado en (1388, 595) - Confianza: 1.00
2025-09-30 13:35:20,760 - views.main_view - INFO - Botón 'img/b3.png' encontrado en (1412, 634) - Confianza: 0.89
2025-09-30 13:35:25,778 - views.main_view - INFO - Botón 'img/b4.png' encontrado en (1115, 654) - Confianza: 1.00
2025-09-30 13:35:29,039 - controllers.image_search_controller - INFO - Ventana encontrada con confianza: 1.00
2025-09-30 13:35:29,041 - controllers.image_search_controller - INFO - Coordenadas ventana: x=1040, y=330
2025-09-30 13:35:29,041 - controllers.image_search_controller - INFO - Coordenadas campo texto: x=1334, y=830
2025-09-30 13:35:29,043 - utils.ahk_manager - INFO - Comando enviado a AHK: 1334,830,LT 90.kml
2025-09-30 13:35:44,053 - views.main_view - INFO - Botón 'img/b1.png' encontrado en (444, 220) - Confianza: 0.88
2025-09-30 13:35:49,065 - views.main_view - INFO - Botón 'img/b6.png' encontrado en (1397, 665) - Confianza: 1.00
2025-09-30 13:35:54,109 - views.main_view - INFO - Botón 'img/b7.png' encontrado en (1251, 186) - Confianza: 1.00
2025-09-30 13:35:59,107 - views.main_view - INFO - Botón 'img/b8.png' encontrado en (1261, 404) - Confianza: 0.83
2025-09-30 13:35:59,114 - views.main_view - INFO - Presionando Enter 3 veces
2025-09-30 13:36:01,784 - views.main_view - INFO - Presionando 'S' para guardar cambios
2025-09-30 13:36:02,894 - views.main_view - INFO - Secuencia completada para lote 90 de 465
2025-09-30 13:36:02,902 - views.main_view - INFO - Esperando 1 segundos antes del próximo lote...
2025-09-30 13:36:02,908 - views.main_view - INFO - Tiempo restante: 1 segundos
2025-09-30 13:36:03,918 - utils.config_manager - INFO - Configuración guardada correctamente
2025-09-30 13:36:03,924 - views.main_view - INFO - Procesando lote 91 de 465
2025-09-30 13:36:03,931 - views.main_view - INFO - Procesando archivo: LT 91.kml
2025-09-30 13:36:03,936 - views.main_view - INFO - Usando formato: LT
2025-09-30 13:36:06,933 - views.main_view - INFO - Botón 'img/b1.png' encontrado en (444, 220) - Confianza: 1.00
2025-09-30 13:36:11,943 - views.main_view - INFO - Botón 'img/b2.png' encontrado en (1388, 595) - Confianza: 1.00
2025-09-30 13:36:16,962 - views.main_view - INFO - Botón 'img/b3.png' encontrado en (1412, 634) - Confianza: 0.89
2025-09-30 13:36:22,002 - views.main_view - INFO - Botón 'img/b4.png' encontrado en (1115, 654) - Confianza: 1.00
2025-09-30 13:36:25,272 - controllers.image_search_controller - INFO - Ventana encontrada con confianza: 1.00
2025-09-30 13:36:25,274 - controllers.image_search_controller - INFO - Coordenadas ventana: x=1040, y=330
2025-09-30 13:36:25,274 - controllers.image_search_controller - INFO - Coordenadas campo texto: x=1334, y=830
2025-09-30 13:36:25,277 - utils.ahk_manager - INFO - Comando enviado a AHK: 1334,830,LT 91.kml
2025-09-30 13:36:40,271 - views.main_view - INFO - Botón 'img/b1.png' encontrado en (444, 220) - Confianza: 1.00
2025-09-30 13:36:45,282 - views.main_view - INFO - Botón 'img/b6.png' encontrado en (1397, 665) - Confianza: 1.00
2025-09-30 13:36:50,279 - views.main_view - INFO - Botón 'img/b7.png' encontrado en (1251, 186) - Confianza: 1.00
2025-09-30 13:36:55,277 - views.main_view - INFO - Botón 'img/b8.png' encontrado en (1261, 404) - Confianza: 0.83
2025-09-30 13:36:55,285 - views.main_view - INFO - Presionando Enter 3 veces
2025-09-30 13:36:57,903 - views.main_view - INFO - Secuencia completada para lote 91 de 465
2025-09-30 13:36:57,910 - views.main_view - INFO - Esperando 1 segundos antes del próximo lote...
2025-09-30 13:36:57,916 - views.main_view - INFO - Tiempo restante: 1 segundos
2025-09-30 13:36:58,925 - utils.config_manager - INFO - Configuración guardada correctamente
2025-09-30 13:36:58,934 - views.main_view - INFO - Procesando lote 92 de 465
2025-09-30 13:36:58,940 - views.main_view - INFO - Procesando archivo: LT 92.kml
2025-09-30 13:36:58,948 - views.main_view - INFO - Usando formato: LT
2025-09-30 13:37:01,968 - views.main_view - INFO - Botón 'img/b1.png' encontrado en (444, 220) - Confianza: 1.00
2025-09-30 13:37:06,983 - views.main_view - INFO - Botón 'img/b2.png' encontrado en (1388, 595) - Confianza: 1.00
2025-09-30 13:37:12,001 - views.main_view - INFO - Botón 'img/b3.png' encontrado en (1412, 634) - Confianza: 0.89
2025-09-30 13:37:17,069 - views.main_view - INFO - Botón 'img/b4.png' encontrado en (1115, 654) - Confianza: 1.00
2025-09-30 13:37:20,356 - controllers.image_search_controller - INFO - Ventana encontrada con confianza: 1.00
2025-09-30 13:37:20,357 - controllers.image_search_controller - INFO - Coordenadas ventana: x=1040, y=330
2025-09-30 13:37:20,358 - controllers.image_search_controller - INFO - Coordenadas campo texto: x=1334, y=830
2025-09-30 13:37:20,360 - utils.ahk_manager - INFO - Comando enviado a AHK: 1334,830,LT 92.kml
2025-09-30 13:37:35,355 - views.main_view - INFO - Botón 'img/b1.png' encontrado en (444, 220) - Confianza: 1.00
2025-09-30 13:37:40,364 - views.main_view - INFO - Botón 'img/b6.png' encontrado en (1397, 665) - Confianza: 1.00
2025-09-30 13:37:45,382 - views.main_view - INFO - Botón 'img/b7.png' encontrado en (1251, 186) - Confianza: 1.00
2025-09-30 13:37:49,211 - views.main_view - INFO - Botón 'img/b8.png' no encontrado. Mejor coincidencia: 0.60 (Intento 2)
2025-09-30 13:37:52,246 - views.main_view - INFO - Botón 'img/b8.png' encontrado en (1261, 404) - Confianza: 0.83
2025-09-30 13:37:52,260 - views.main_view - INFO - Presionando Enter 3 veces
2025-09-30 13:37:54,880 - views.main_view - INFO - Secuencia completada para lote 92 de 465
2025-09-30 13:37:54,887 - views.main_view - INFO - Esperando 1 segundos antes del próximo lote...
2025-09-30 13:37:54,896 - views.main_view - INFO - Tiempo restante: 1 segundos
2025-09-30 13:37:55,908 - utils.config_manager - INFO - Configuración guardada correctamente
2025-09-30 13:37:55,916 - views.main_view - INFO - Procesando lote 93 de 465
2025-09-30 13:37:55,922 - views.main_view - INFO - Procesando archivo: LT 93.kml
2025-09-30 13:37:55,930 - views.main_view - INFO - Usando formato: LT
2025-09-30 13:37:58,951 - views.main_view - INFO - Botón 'img/b1.png' encontrado en (444, 220) - Confianza: 1.00
2025-09-30 13:38:03,952 - views.main_view - INFO - Botón 'img/b2.png' encontrado en (1388, 595) - Confianza: 1.00
2025-09-30 13:38:08,977 - views.main_view - INFO - Botón 'img/b3.png' encontrado en (1412, 634) - Confianza: 0.89
2025-09-30 13:38:14,051 - views.main_view - INFO - Botón 'img/b4.png' encontrado en (1115, 654) - Confianza: 1.00
2025-09-30 13:38:17,324 - controllers.image_search_controller - INFO - Ventana encontrada con confianza: 1.00
2025-09-30 13:38:17,325 - controllers.image_search_controller - INFO - Coordenadas ventana: x=1040, y=330
2025-09-30 13:38:17,326 - controllers.image_search_controller - INFO - Coordenadas campo texto: x=1334, y=830
2025-09-30 13:38:17,328 - utils.ahk_manager - INFO - Comando enviado a AHK: 1334,830,LT 93.kml
2025-09-30 13:38:32,319 - views.main_view - INFO - Botón 'img/b1.png' encontrado en (444, 220) - Confianza: 1.00
2025-09-30 13:38:37,321 - views.main_view - INFO - Botón 'img/b6.png' encontrado en (1397, 665) - Confianza: 1.00
2025-09-30 13:38:42,326 - views.main_view - INFO - Botón 'img/b7.png' encontrado en (1251, 186) - Confianza: 1.00
2025-09-30 13:38:47,362 - views.main_view - INFO - Botón 'img/b8.png' encontrado en (1261, 404) - Confianza: 0.83
2025-09-30 13:38:47,376 - views.main_view - INFO - Presionando Enter 3 veces
2025-09-30 13:38:49,995 - views.main_view - INFO - Secuencia completada para lote 93 de 465
2025-09-30 13:38:50,002 - views.main_view - INFO - Esperando 1 segundos antes del próximo lote...
2025-09-30 13:38:50,009 - views.main_view - INFO - Tiempo restante: 1 segundos
2025-09-30 13:38:51,019 - utils.config_manager - INFO - Configuración guardada correctamente
2025-09-30 13:38:51,027 - views.main_view - INFO - Procesando lote 94 de 465
2025-09-30 13:38:51,030 - views.main_view - INFO - Procesando archivo: LT 94.kml
2025-09-30 13:38:51,034 - views.main_view - INFO - Usando formato: LT
2025-09-30 13:38:54,020 - views.main_view - INFO - Botón 'img/b1.png' encontrado en (444, 220) - Confianza: 1.00
2025-09-30 13:38:59,032 - views.main_view - INFO - Botón 'img/b2.png' encontrado en (1388, 595) - Confianza: 1.00
2025-09-30 13:39:04,077 - views.main_view - INFO - Botón 'img/b3.png' encontrado en (1412, 634) - Confianza: 0.89
2025-09-30 13:39:07,922 - views.main_view - INFO - Botón 'img/b4.png' no encontrado. Mejor coincidencia: 0.48 (Intento 2)
2025-09-30 13:39:10,990 - views.main_view - INFO - Botón 'img/b4.png' encontrado en (1115, 654) - Confianza: 1.00
2025-09-30 13:39:14,274 - controllers.image_search_controller - INFO - Ventana encontrada con confianza: 1.00
2025-09-30 13:39:14,276 - controllers.image_search_controller - INFO - Coordenadas ventana: x=1040, y=330
2025-09-30 13:39:14,276 - controllers.image_search_controller - INFO - Coordenadas campo texto: x=1334, y=830
2025-09-30 13:39:14,279 - utils.ahk_manager - INFO - Comando enviado a AHK: 1334,830,LT 94.kml
2025-09-30 13:39:29,287 - views.main_view - INFO - Botón 'img/b1.png' encontrado en (444, 220) - Confianza: 1.00
2025-09-30 13:39:34,289 - views.main_view - INFO - Botón 'img/b6.png' encontrado en (1397, 665) - Confianza: 1.00
2025-09-30 13:39:39,297 - views.main_view - INFO - Botón 'img/b7.png' encontrado en (1251, 186) - Confianza: 1.00
2025-09-30 13:39:44,314 - views.main_view - INFO - Botón 'img/b8.png' encontrado en (1261, 404) - Confianza: 0.83
2025-09-30 13:39:44,323 - views.main_view - INFO - Presionando Enter 3 veces
2025-09-30 13:39:46,943 - views.main_view - INFO - Secuencia completada para lote 94 de 465
2025-09-30 13:39:46,948 - views.main_view - INFO - Esperando 1 segundos antes del próximo lote...
2025-09-30 13:39:46,952 - views.main_view - INFO - Tiempo restante: 1 segundos
2025-09-30 13:39:47,962 - utils.config_manager - INFO - Configuración guardada correctamente
2025-09-30 13:39:47,971 - views.main_view - INFO - Procesando lote 95 de 465
2025-09-30 13:39:47,977 - views.main_view - INFO - Procesando archivo: LT 95.kml
2025-09-30 13:39:47,984 - views.main_view - INFO - Usando formato: LT
2025-09-30 13:39:50,997 - views.main_view - INFO - Botón 'img/b1.png' encontrado en (444, 220) - Confianza: 1.00
2025-09-30 13:39:56,017 - views.main_view - INFO - Botón 'img/b2.png' encontrado en (1388, 595) - Confianza: 1.00
2025-09-30 13:40:01,040 - views.main_view - INFO - Botón 'img/b3.png' encontrado en (1412, 634) - Confianza: 0.89
2025-09-30 13:40:04,914 - views.main_view - INFO - Botón 'img/b4.png' no encontrado. Mejor coincidencia: 0.48 (Intento 2)
2025-09-30 13:40:07,981 - views.main_view - INFO - Botón 'img/b4.png' encontrado en (1115, 654) - Confianza: 1.00
2025-09-30 13:40:11,243 - controllers.image_search_controller - INFO - Ventana encontrada con confianza: 1.00
2025-09-30 13:40:11,244 - controllers.image_search_controller - INFO - Coordenadas ventana: x=1040, y=330
2025-09-30 13:40:11,245 - controllers.image_search_controller - INFO - Coordenadas campo texto: x=1334, y=830
2025-09-30 13:40:11,247 - utils.ahk_manager - INFO - Comando enviado a AHK: 1334,830,LT 95.kml
2025-09-30 13:40:26,254 - views.main_view - INFO - Botón 'img/b1.png' encontrado en (444, 220) - Confianza: 0.88
2025-09-30 13:40:31,268 - views.main_view - INFO - Botón 'img/b6.png' encontrado en (1397, 665) - Confianza: 1.00
2025-09-30 13:40:36,272 - views.main_view - INFO - Botón 'img/b7.png' encontrado en (1251, 186) - Confianza: 1.00
2025-09-30 13:40:41,292 - views.main_view - INFO - Botón 'img/b8.png' encontrado en (1261, 404) - Confianza: 0.83
2025-09-30 13:40:41,300 - views.main_view - INFO - Presionando Enter 3 veces
2025-09-30 13:40:43,933 - views.main_view - INFO - Secuencia completada para lote 95 de 465
2025-09-30 13:40:43,939 - views.main_view - INFO - Esperando 1 segundos antes del próximo lote...
2025-09-30 13:40:43,945 - views.main_view - INFO - Tiempo restante: 1 segundos
2025-09-30 13:40:44,957 - utils.config_manager - INFO - Configuración guardada correctamente
2025-09-30 13:40:44,965 - views.main_view - INFO - Procesando lote 96 de 465
2025-09-30 13:40:44,971 - views.main_view - INFO - Procesando archivo: LT 96.kml
2025-09-30 13:40:44,979 - views.main_view - INFO - Usando formato: LT
2025-09-30 13:40:48,014 - views.main_view - INFO - Botón 'img/b1.png' encontrado en (444, 220) - Confianza: 1.00
2025-09-30 13:40:53,021 - views.main_view - INFO - Botón 'img/b2.png' encontrado en (1388, 595) - Confianza: 1.00
2025-09-30 13:40:58,045 - views.main_view - INFO - Botón 'img/b3.png' encontrado en (1412, 634) - Confianza: 0.89
2025-09-30 13:41:03,057 - views.main_view - INFO - Botón 'img/b4.png' encontrado en (1115, 654) - Confianza: 1.00
2025-09-30 13:41:06,361 - controllers.image_search_controller - INFO - Ventana encontrada con confianza: 1.00
2025-09-30 13:41:06,363 - controllers.image_search_controller - INFO - Coordenadas ventana: x=1040, y=330
2025-09-30 13:41:06,363 - controllers.image_search_controller - INFO - Coordenadas campo texto: x=1334, y=830
2025-09-30 13:41:06,366 - utils.ahk_manager - INFO - Comando enviado a AHK: 1334,830,LT 96.kml
2025-09-30 13:41:21,392 - views.main_view - INFO - Botón 'img/b1.png' encontrado en (444, 220) - Confianza: 0.88
2025-09-30 13:41:26,416 - views.main_view - INFO - Botón 'img/b6.png' encontrado en (1397, 665) - Confianza: 1.00
2025-09-30 13:41:31,424 - views.main_view - INFO - Botón 'img/b7.png' encontrado en (1251, 186) - Confianza: 1.00
2025-09-30 13:41:36,422 - views.main_view - INFO - Botón 'img/b8.png' encontrado en (1261, 404) - Confianza: 0.83
2025-09-30 13:41:36,426 - views.main_view - INFO - Presionando Enter 3 veces
2025-09-30 13:41:39,042 - views.main_view - INFO - Secuencia completada para lote 96 de 465
2025-09-30 13:41:39,049 - views.main_view - INFO - Esperando 1 segundos antes del próximo lote...
2025-09-30 13:41:39,058 - views.main_view - INFO - Tiempo restante: 1 segundos
2025-09-30 13:41:40,068 - utils.config_manager - INFO - Configuración guardada correctamente
2025-09-30 13:41:40,077 - views.main_view - INFO - Procesando lote 97 de 465
2025-09-30 13:41:40,083 - views.main_view - INFO - Procesando archivo: LT 97.kml
2025-09-30 13:41:40,091 - views.main_view - INFO - Usando formato: LT
2025-09-30 13:41:43,117 - views.main_view - INFO - Botón 'img/b1.png' encontrado en (444, 220) - Confianza: 1.00
2025-09-30 13:41:48,125 - views.main_view - INFO - Botón 'img/b2.png' encontrado en (1388, 595) - Confianza: 1.00
2025-09-30 13:41:53,142 - views.main_view - INFO - Botón 'img/b3.png' encontrado en (1412, 634) - Confianza: 0.89
2025-09-30 13:41:56,972 - views.main_view - INFO - Botón 'img/b4.png' no encontrado. Mejor coincidencia: 0.48 (Intento 2)
2025-09-30 13:42:00,020 - views.main_view - INFO - Botón 'img/b4.png' encontrado en (1115, 654) - Confianza: 1.00
2025-09-30 13:42:03,304 - controllers.image_search_controller - INFO - Ventana encontrada con confianza: 1.00
2025-09-30 13:42:03,306 - controllers.image_search_controller - INFO - Coordenadas ventana: x=1040, y=330
2025-09-30 13:42:03,306 - controllers.image_search_controller - INFO - Coordenadas campo texto: x=1334, y=830
2025-09-30 13:42:03,309 - utils.ahk_manager - INFO - Comando enviado a AHK: 1334,830,LT 97.kml
2025-09-30 13:42:18,302 - views.main_view - INFO - Botón 'img/b1.png' encontrado en (444, 220) - Confianza: 1.00
2025-09-30 13:42:23,317 - views.main_view - INFO - Botón 'img/b6.png' encontrado en (1397, 665) - Confianza: 1.00
2025-09-30 13:42:28,327 - views.main_view - INFO - Botón 'img/b7.png' encontrado en (1251, 186) - Confianza: 1.00
2025-09-30 13:42:33,342 - views.main_view - INFO - Botón 'img/b8.png' encontrado en (1261, 404) - Confianza: 0.83
2025-09-30 13:42:33,355 - views.main_view - INFO - Presionando Enter 3 veces
2025-09-30 13:42:35,967 - views.main_view - INFO - Secuencia completada para lote 97 de 465
2025-09-30 13:42:35,969 - views.main_view - INFO - Esperando 1 segundos antes del próximo lote...
2025-09-30 13:42:35,971 - views.main_view - INFO - Tiempo restante: 1 segundos
2025-09-30 13:42:36,980 - utils.config_manager - INFO - Configuración guardada correctamente
2025-09-30 13:42:36,989 - views.main_view - INFO - Procesando lote 98 de 465
2025-09-30 13:42:36,996 - views.main_view - INFO - Procesando archivo: LT 98.kml
2025-09-30 13:42:37,004 - views.main_view - INFO - Usando formato: LT
2025-09-30 13:42:39,998 - views.main_view - INFO - Botón 'img/b1.png' encontrado en (444, 220) - Confianza: 1.00
2025-09-30 13:42:45,010 - views.main_view - INFO - Botón 'img/b2.png' encontrado en (1388, 595) - Confianza: 1.00
2025-09-30 13:42:50,037 - views.main_view - INFO - Botón 'img/b3.png' encontrado en (1412, 634) - Confianza: 0.89
2025-09-30 13:42:55,086 - views.main_view - INFO - Botón 'img/b4.png' encontrado en (1115, 654) - Confianza: 1.00
2025-09-30 13:42:58,373 - controllers.image_search_controller - INFO - Ventana encontrada con confianza: 1.00
2025-09-30 13:42:58,377 - controllers.image_search_controller - INFO - Coordenadas ventana: x=1040, y=330
2025-09-30 13:42:58,377 - controllers.image_search_controller - INFO - Coordenadas campo texto: x=1334, y=830
2025-09-30 13:42:58,380 - utils.ahk_manager - INFO - Comando enviado a AHK: 1334,830,LT 98.kml
2025-09-30 13:43:13,373 - views.main_view - INFO - Botón 'img/b1.png' encontrado en (444, 220) - Confianza: 1.00
2025-09-30 13:43:18,413 - views.main_view - INFO - Botón 'img/b6.png' encontrado en (1397, 665) - Confianza: 1.00
2025-09-30 13:43:23,419 - views.main_view - INFO - Botón 'img/b7.png' encontrado en (1251, 186) - Confianza: 1.00
2025-09-30 13:43:28,415 - views.main_view - INFO - Botón 'img/b8.png' encontrado en (1261, 404) - Confianza: 0.83
2025-09-30 13:43:28,420 - views.main_view - INFO - Presionando Enter 3 veces
2025-09-30 13:43:31,038 - views.main_view - INFO - Secuencia completada para lote 98 de 465
2025-09-30 13:43:31,045 - views.main_view - INFO - Esperando 1 segundos antes del próximo lote...
2025-09-30 13:43:31,052 - views.main_view - INFO - Tiempo restante: 1 segundos
2025-09-30 13:43:32,062 - utils.config_manager - INFO - Configuración guardada correctamente
2025-09-30 13:43:32,070 - views.main_view - INFO - Procesando lote 99 de 465
2025-09-30 13:43:32,076 - views.main_view - INFO - Procesando archivo: LT 99.kml
2025-09-30 13:43:32,085 - views.main_view - INFO - Usando formato: LT
2025-09-30 13:43:35,088 - views.main_view - INFO - Botón 'img/b1.png' encontrado en (444, 220) - Confianza: 1.00
2025-09-30 13:43:40,080 - views.main_view - INFO - Botón 'img/b2.png' encontrado en (1388, 595) - Confianza: 1.00
2025-09-30 13:43:45,102 - views.main_view - INFO - Botón 'img/b3.png' encontrado en (1412, 634) - Confianza: 0.89
2025-09-30 13:43:50,160 - views.main_view - INFO - Botón 'img/b4.png' encontrado en (1115, 654) - Confianza: 1.00
2025-09-30 13:43:53,477 - controllers.image_search_controller - INFO - Ventana encontrada con confianza: 1.00
2025-09-30 13:43:53,480 - controllers.image_search_controller - INFO - Coordenadas ventana: x=1040, y=330
2025-09-30 13:43:53,480 - controllers.image_search_controller - INFO - Coordenadas campo texto: x=1334, y=830
2025-09-30 13:43:53,482 - utils.ahk_manager - INFO - Comando enviado a AHK: 1334,830,LT 99.kml
2025-09-30 13:44:08,473 - views.main_view - INFO - Botón 'img/b1.png' encontrado en (444, 220) - Confianza: 1.00
2025-09-30 13:44:13,499 - views.main_view - INFO - Botón 'img/b6.png' encontrado en (1397, 665) - Confianza: 1.00
2025-09-30 13:44:18,512 - views.main_view - INFO - Botón 'img/b7.png' encontrado en (1251, 186) - Confianza: 1.00
2025-09-30 13:44:23,536 - views.main_view - INFO - Botón 'img/b8.png' encontrado en (1261, 404) - Confianza: 0.83
2025-09-30 13:44:23,550 - views.main_view - INFO - Presionando Enter 3 veces
2025-09-30 13:44:26,186 - views.main_view - INFO - Secuencia completada para lote 99 de 465
2025-09-30 13:44:26,193 - views.main_view - INFO - Esperando 1 segundos antes del próximo lote...
2025-09-30 13:44:26,199 - views.main_view - INFO - Tiempo restante: 1 segundos
2025-09-30 13:44:27,209 - utils.config_manager - INFO - Configuración guardada correctamente
2025-09-30 13:44:27,218 - views.main_view - INFO - Procesando lote 100 de 465
2025-09-30 13:44:27,224 - views.main_view - INFO - Procesando archivo: LT 100.kml
2025-09-30 13:44:27,231 - views.main_view - INFO - Usando formato: LT
2025-09-30 13:44:30,233 - views.main_view - INFO - Botón 'img/b1.png' encontrado en (444, 220) - Confianza: 1.00
2025-09-30 13:44:35,258 - views.main_view - INFO - Botón 'img/b2.png' encontrado en (1388, 595) - Confianza: 1.00
2025-09-30 13:44:40,265 - views.main_view - INFO - Botón 'img/b3.png' encontrado en (1412, 634) - Confianza: 0.89
2025-09-30 13:44:45,317 - views.main_view - INFO - Botón 'img/b4.png' encontrado en (1115, 654) - Confianza: 1.00
2025-09-30 13:44:48,622 - controllers.image_search_controller - INFO - Ventana encontrada con confianza: 1.00
2025-09-30 13:44:48,624 - controllers.image_search_controller - INFO - Coordenadas ventana: x=1040, y=330
2025-09-30 13:44:48,624 - controllers.image_search_controller - INFO - Coordenadas campo texto: x=1334, y=830
2025-09-30 13:44:48,626 - utils.ahk_manager - INFO - Comando enviado a AHK: 1334,830,LT 100.kml
2025-09-30 13:45:03,636 - views.main_view - INFO - Botón 'img/b1.png' encontrado en (444, 220) - Confianza: 0.88
2025-09-30 13:45:08,647 - views.main_view - INFO - Botón 'img/b6.png' encontrado en (1397, 665) - Confianza: 0.84
2025-09-30 13:45:13,646 - views.main_view - INFO - Botón 'img/b7.png' encontrado en (1251, 186) - Confianza: 1.00
2025-09-30 13:45:17,443 - views.main_view - INFO - Botón 'img/b8.png' no encontrado. Mejor coincidencia: 0.60 (Intento 2)
2025-09-30 13:45:19,165 - views.main_view - INFO - Búsqueda pausada (Presione ESC para reanudar)
2025-09-30 13:45:19,247 - views.main_view - INFO - Botón 'img/b8.png' no encontrado. Mejor coincidencia: 0.60 (Intento 3)
2025-09-30 13:45:37,797 - utils.ahk_manager - INFO - AutoHotkey detenido correctamente
2025-09-30 13:45:37,801 - views.main_view - INFO - Proceso detenido
2025-09-30 13:45:37,805 - views.main_view - INFO - Error: No se pudo encontrar el botón 'img/b8.png' después de 100 intentos
2025-09-30 13:45:37,813 - views.main_view - INFO - Secuencia interrumpida para lote 100 de 465
2025-09-30 13:45:37,819 - views.main_view - INFO - Proceso completado
2025-10-01 10:30:26,099 - __main__ - WARNING - No se pudo cargar el icono de la aplicación
2025-10-01 10:30:26,099 - utils.config_manager - INFO - Configuración cargada correctamente
2025-10-01 10:30:35,549 - views.login_window - INFO - Usuario autenticado correctamente
2025-10-01 10:30:43,955 - utils.config_manager - INFO - Configuración guardada correctamente
2025-10-01 10:30:44,030 - views.main_view - INFO - Iniciando proceso de búsqueda...
2025-10-01 10:30:44,030 - views.main_view - INFO - Formato para el texto: LT
2025-10-01 10:30:44,030 - views.main_view - INFO - Lotes: 1 a 465
2025-10-01 10:30:44,030 - views.main_view - INFO - Tiempo de espera entre lotes: 1 segundos
2025-10-01 10:30:44,031 - views.main_view - INFO - Secuencia predefinida a ejecutar:
2025-10-01 10:30:44,031 - views.main_view - INFO -   1. img/b1.png (clics: 2, confianza: 0.68)
2025-10-01 10:30:44,031 - views.main_view - INFO -   2. img/b2.png (clics: 1, confianza: 0.68)
2025-10-01 10:30:44,031 - views.main_view - INFO -   3. img/b3.png (clics: 1, confianza: 0.68)
2025-10-01 10:30:44,031 - views.main_view - INFO -   4. img/b4.png (clics: 1, confianza: 0.68)
2025-10-01 10:30:44,031 - views.main_view - INFO -   5. img/b1.png (clics: 1, confianza: 0.68)
2025-10-01 10:30:44,032 - views.main_view - INFO -   6. img/b6.png (clics: 1, confianza: 0.68)
2025-10-01 10:30:44,032 - views.main_view - INFO -   7. img/b7.png (clics: 1, confianza: 0.68)
2025-10-01 10:30:44,032 - views.main_view - INFO -   8. img/b8.png (clics: 1, confianza: 0.68)
2025-10-01 10:30:44,033 - utils.config_manager - INFO - Configuración guardada correctamente
2025-10-01 10:30:44,037 - views.main_view - INFO - Procesando lote 1 de 465
2025-10-01 10:30:44,039 - views.main_view - INFO - Procesando archivo: LT 1.kml
2025-10-01 10:30:44,040 - views.main_view - INFO - Usando formato: LT
2025-10-01 10:30:44,050 - controllers.image_search_controller - WARNING - No se pudo cargar la imagen de error: img/b9.png
2025-10-01 10:30:45,796 - views.main_view - INFO - Botón 'img/b1.png' no encontrado. Mejor coincidencia: 0.37 (Intento 2)
2025-10-01 10:30:47,487 - views.main_view - INFO - Botón 'img/b1.png' no encontrado. Mejor coincidencia: 0.37 (Intento 3)
2025-10-01 10:30:49,182 - views.main_view - INFO - Botón 'img/b1.png' no encontrado. Mejor coincidencia: 0.37 (Intento 4)
2025-10-01 10:30:50,883 - views.main_view - INFO - Botón 'img/b1.png' no encontrado. Mejor coincidencia: 0.37 (Intento 5)
2025-10-01 10:30:52,621 - views.main_view - INFO - Botón 'img/b1.png' no encontrado. Mejor coincidencia: 0.37 (Intento 6)
2025-10-01 10:30:54,340 - views.main_view - INFO - Botón 'img/b1.png' no encontrado. Mejor coincidencia: 0.37 (Intento 7)
2025-10-01 10:30:56,032 - views.main_view - INFO - Botón 'img/b1.png' no encontrado. Mejor coincidencia: 0.37 (Intento 8)
2025-10-01 10:30:57,756 - views.main_view - INFO - Botón 'img/b1.png' no encontrado. Mejor coincidencia: 0.37 (Intento 9)
2025-10-01 10:30:59,468 - views.main_view - INFO - Botón 'img/b1.png' no encontrado. Mejor coincidencia: 0.38 (Intento 10)
2025-10-01 10:30:59,706 - models.image_search_model - INFO - Intento 10: Mejor coincidencia: 0.37
2025-10-01 10:31:09,709 - views.main_view - INFO - Botón 'img/b1.png' no encontrado. Mejor coincidencia: 0.37 (Intento 11)
2025-10-01 10:31:11,405 - views.main_view - INFO - Botón 'img/b1.png' no encontrado. Mejor coincidencia: 0.36 (Intento 12)
2025-10-01 10:31:13,096 - views.main_view - INFO - Botón 'img/b1.png' no encontrado. Mejor coincidencia: 0.36 (Intento 13)
2025-10-01 10:31:14,837 - views.main_view - INFO - Botón 'img/b1.png' no encontrado. Mejor coincidencia: 0.36 (Intento 14)
2025-10-01 10:31:16,543 - views.main_view - INFO - Botón 'img/b1.png' no encontrado. Mejor coincidencia: 0.36 (Intento 15)
2025-10-01 10:31:18,252 - views.main_view - INFO - Botón 'img/b1.png' no encontrado. Mejor coincidencia: 0.36 (Intento 16)
2025-10-01 10:31:19,962 - views.main_view - INFO - Botón 'img/b1.png' no encontrado. Mejor coincidencia: 0.36 (Intento 17)
2025-10-01 10:31:21,687 - views.main_view - INFO - Botón 'img/b1.png' no encontrado. Mejor coincidencia: 0.36 (Intento 18)
2025-10-01 10:31:23,388 - views.main_view - INFO - Botón 'img/b1.png' no encontrado. Mejor coincidencia: 0.36 (Intento 19)
2025-10-01 10:31:25,093 - views.main_view - INFO - Botón 'img/b1.png' no encontrado. Mejor coincidencia: 0.36 (Intento 20)
2025-10-01 10:31:25,303 - models.image_search_model - INFO - Intento 20: Mejor coincidencia: 0.36
2025-10-01 10:31:35,306 - views.main_view - INFO - Botón 'img/b1.png' no encontrado. Mejor coincidencia: 0.36 (Intento 21)
2025-10-01 10:31:36,990 - views.main_view - INFO - Botón 'img/b1.png' no encontrado. Mejor coincidencia: 0.36 (Intento 22)
2025-10-01 10:31:38,684 - views.main_view - INFO - Botón 'img/b1.png' no encontrado. Mejor coincidencia: 0.36 (Intento 23)
2025-10-01 10:31:40,383 - views.main_view - INFO - Botón 'img/b1.png' no encontrado. Mejor coincidencia: 0.40 (Intento 24)
2025-10-01 10:31:42,094 - views.main_view - INFO - Botón 'img/b1.png' no encontrado. Mejor coincidencia: 0.44 (Intento 25)
2025-10-01 10:31:43,792 - views.main_view - INFO - Botón 'img/b1.png' no encontrado. Mejor coincidencia: 0.36 (Intento 26)
2025-10-01 10:31:45,484 - views.main_view - INFO - Botón 'img/b1.png' no encontrado. Mejor coincidencia: 0.36 (Intento 27)
2025-10-01 10:31:47,188 - views.main_view - INFO - Botón 'img/b1.png' no encontrado. Mejor coincidencia: 0.36 (Intento 28)
2025-10-01 10:31:48,885 - views.main_view - INFO - Botón 'img/b1.png' no encontrado. Mejor coincidencia: 0.48 (Intento 29)
2025-10-01 10:31:50,590 - views.main_view - INFO - Botón 'img/b1.png' no encontrado. Mejor coincidencia: 0.36 (Intento 30)
2025-10-01 10:31:50,784 - models.image_search_model - INFO - Intento 30: Mejor coincidencia: 0.36
2025-10-01 10:31:54,568 - views.main_view - INFO - Proceso detenido
